path,bytes,sha256
.github/workflows/smoke.yml,1093,0681d847fef115d0ea3f74201fd32840ac429bf004590d10268181c20b2c615e
bodyshield/__init__.py,62,1d20ce3a0f1acf6f9a64069b286ed08856381582c63195f633476a6d5d7143e4
bodyshield/_legacy.py,874,0e9eab6e95e1173e54a639fc14454ac0505116ac260d2e386e8f27f2b23e3fcf
bodyshield/analysis/__init__.py,74,f724e20f12df60c6c215fa791d2ac02b27d511a2c6d35ed415daad6eb11cebd3
bodyshield/analysis/audit_videos.py,447,572c5435dbe137d4b60e34becb877ea22b7aa38d9d6c6100be0a36f3eeb5b4fa
bodyshield/analysis/claim_ledger.py,1308,77f18bbdf71d4700814c747d6282a490242ff699679ce4c008b166abb79b33ce
bodyshield/analysis/make_figures.py,213,84bfc7d8954dbbf8d64b6ead99542bf1577487e0f8ee77faa8eccf9c7f454c27
bodyshield/analysis/make_tables.py,214,37e69a5181363d7ea2c847285d37e46007319dd62c4ca329aa1c1973e2fb9528
bodyshield/analysis/plots.py,110,d3f680c9bb3290b69871909c90aaaf62d7ffee7f2669f79ce6afba23b6932bcf
bodyshield/analysis/stats.py,109,51576ee52a49d3409f54514dc8d04ee973e0e203d6985226f4c5eaca8bb8ab26
bodyshield/analysis/summarize_batch.py,275,eed1c961cf5ad5c3d537878c63eb2d0ffb4fb02db72559a869de094aa67136ae
bodyshield/analysis/tables.py,188,745b41037e5722bb89e2b0cd04c50122038a6c133c0481e903c94a33aea99473
bodyshield/analysis/verify_package.py,9044,76bd0d52071cece41d7f88fde593fe3b3264914cf707e3a06dabaf6a4d91a12f
bodyshield/analysis/videos.py,119,d704390032d0804a97a0105fafae146a7138252633706fded5220bab9fcbe740
bodyshield/artifact_inventory_audit.py,14838,d7c1075f2c441152013b03f14ab679eae6ff2c771db37908a3a78f96437221ca
bodyshield/bodybreak.py,277,2193b98bcb9dc8e9b6c144bc0c0aa3bdecb36640ad9b48a3617c1dc45a832c2f
bodyshield/bodybreak_search.py,8496,c08681d5f86e1a071a7844d3935438da1659a15129de20e28a5599870cacf310
bodyshield/bodyshield.py,191,8151ec5873d4c9e02357eac498ea962798b3fa300340bca5e4dc472e67437db5
bodyshield/bodyshield_repair.py,3659,b79ba4314c282fd532af884935464e8130254577af8b52b4102a9e7664a35921
bodyshield/claim_boundary_audit.py,14700,25c6bd51fff532e3e894a83bf9c2cec2fd8d57496fb6ea9c53ba4064c8e864df
bodyshield/command_surface_audit.py,14412,626f286e491748cb32003feaaa11cdf20bcbe4f5cb52c79e8eeecbae08018dc1
bodyshield/config_schema_audit.py,19460,560d969117e117af3696c00d80febb52f4d2e51159c5233ac9e7aa245a13123f
bodyshield/core/__init__.py,399,055d937e84b3759c2870ef00091a2a3fb674926484780c83ee0c5eee92a4b07e
bodyshield/core/bodybreak.py,114,1291d1975b425b6ae094eec6ba7879d2f79a398fe1ace7b5806612d6535cfa0b
bodyshield/core/bodyshield.py,159,97ff6fa28d4edce0544b0e314b6a140d1365d7bd285da427ac158828d28cb5d1
bodyshield/core/metrics.py,107,2988fa632125a7aa740b2ee48ce639943baabf69ab46b2d4fbafa885c1bf47c0
bodyshield/core/oracle.py,837,54f7197eb3cfe7a571cfe59254cb94e628427c2eb21fde9ac3e27ec19857d52a
bodyshield/core/perturbations.py,127,56c419247445825aad6bca2569ad55b9e15ac2911f2f458114d424156ec8df78
bodyshield/core/repair.py,113,f3c8b2c6b52aaa08b60b44901e07b3063bfe79f3d068c55ed29ec0b46c5f916c
bodyshield/corrective_adaptation.py,17160,60484990fc4c10e5b5d56558b3a787a8b18b39b1e63ac499b486789d920ccc8f
bodyshield/corrective_trace_readiness.py,14473,dbe17579ee2bff9a7f56443b1242123bd7a3f07f795d7779a0575b001c5dc2d6
bodyshield/derived_results_audit.py,16191,76ceb20f87b10747f9141d8b0fa03f56d23836b975614c26fe65da1e189ca777
bodyshield/environment_audit.py,9591,752496b6c623d577cc284ef6649470a0e331c6f0dc7dcd6c172d840d5d143b85
bodyshield/evidence_consistency.py,6686,b315fd95766cf6afd2b91e249ae9c19ea95b5519838664e51879a359ccfd47c0
bodyshield/external_policy_benchmark.py,15774,32d62d2e34ab6b6520932b3f22297908acc84f396360dee31823e2dc27e45467
bodyshield/falsification/__init__.py,269,fce8f6ca1387c9b15c30cbc753b025dbd142f41f7c3f03207fb28cf7dac55f87
bodyshield/high_fidelity.py,16712,5b10a29a56e998e6c2106d574af209fc84aa3b93567b4aeba4b9b4a1b485ffaf
bodyshield/high_fidelity_learning.py,24979,51faddfb58e01b5f49b24087ca858211efb58eb72a2f203c5381ff038c95448e
bodyshield/learned_outcome_model.py,6804,eff500d5c0d021507ce66a455bb448f56edd671f230c1bcdb4e0547cb0a256e3
bodyshield/logging_utils.py,694,c803a9f2e3e1b12f8d07629a0a07930f2474439af7ed18c3ad2c07f3d0e65e6d
bodyshield/metrics.py,871,1fc148c1bb909e2f270b81e2ff9e2784e8c12425e4986c4791efaaabcf4fad12
bodyshield/neural_wam.py,18806,72077ef9646f6ed58345e5e26c06828921a7d477877804c2c5c8e4b4849dafbc
bodyshield/pack_verification.py,42628,e051ba8fb5fbb6da629d0d5bed7d7cdc0d2721471f3a3238e8c83955b8dbbe95
bodyshield/paper/__init__.py,69,290393cbb414bd2da27a3a36eace67ee25a0907e763eaac6f35fe2f05837025b
bodyshield/paper/build.py,172,ece2bc25ea1e0e14f4b871fde65055d2d925740ff1e4f93e8aa599e749f36753
bodyshield/paper_source_audit.py,19236,6484e13836273c030289f484b76e48b7485066194130509b171d02d9d96df62c
bodyshield/perturbations.py,9088,3ea3060bee71e86df928bc068877f55b2e1d61b8f9d99a38a4c48e27a94a0270
bodyshield/plotting.py,22028,d3162916debcb4e885880ff3a86a4102360bca6b4fea3f142f28b7a8e67aa68f
bodyshield/policies/__init__.py,455,58a02c68ccf9ae736ae3f3db5c703e1ff47cd23889224b1ee4799fda38b1b855
bodyshield/policies/bodyshield_policy.py,230,2a28520b94a36d78f3997513c31e488fa38d88afb7a4651526016978a270dc23
bodyshield/policies/domain_randomization.py,177,39c017cacaf1a03e4bfc9d9e4491dae6ebe521e8b6f01d26e8322422bef28107
bodyshield/policies/epec.py,172,2cae166ba19e6f643ec68d5fbb01c17e7506651e395cbdc69a117e20458b808a
bodyshield/policies/grid_worstcase.py,166,2f9c6761e666d950e50d205591455c5c65a26386b79aa1e3b9f5be29d82cf6b0
bodyshield/policies/human_effect_prior.py,176,4dee37d261032c9180d2bd559ee541e07ddfefdce30c7ed124d379e62d46d592
bodyshield/policies/nominal.py,142,aaae05ff49a569e38c89c9c0a5bbe55011fc4826e9c9e7a5d7f720884a45f99c
bodyshield/policies/robust_control.py,165,425eccd3f14aaaea5660f5010bcb2cc2f1dca34d08aef89dbb73c106fe141026
bodyshield/policies/sysid_retune.py,166,45232842d17660de13740f96f0bae4485ae8efb79671810e7670fcd71e36e554
bodyshield/policies.py,6260,45090fa739424e36d603aa606561b2366eb55414c777152b8667a02f5ffb6c64
bodyshield/portable_hygiene_audit.py,13183,6de50617466dfc941d1d16a216bf88e2dfec0708c17373cd745392c975604e3d
bodyshield/public_checkpoint_benchmark.py,33960,f9a41e56f04bba60668578fa0c406a2a5a2352469eae8de20a39c17f02f6206c
bodyshield/real_video_wam_readiness.py,16426,2da8b1c5d842cbbf18edbb5a31d4f35077160961e61219f7525395fca1e811dc
bodyshield/release_bundle.py,24551,c10ff0bb0ebeacc6b5968e111d43461d1844d3fba6b4a9f7d3d75307b791b248
bodyshield/release_determinism_audit.py,13622,4891a04c7f330ed3baaa62e18eed2a8d2ca3ecc11da85126ecb2fd4a4994a8d0
bodyshield/release_payload_audit.py,12432,e7789c8cf5cdb3c1ed45c02f438217ba8147f697169e4f1bc6721ebbd3b127ba
bodyshield/release_runtime_audit.py,7746,7d38eca68f6e18aa30f4480fbbac87fe8972608a4b65a5afa5e3d584ed12f586
bodyshield/repair/__init__.py,176,2b80c6b6d01ba9d0f4e7ae898e171e96a0fa5067cd7a93d12a7377a1ad3d1e24
bodyshield/repair.py,204,3c2b3b26335f0dc2e5e50bb759ddf000722cfe4e08c2d93442903f254f1accc1
bodyshield/results_integrity.py,27050,7654647699b024707b6781be6bc8992679657aeb956914e719c4611dc2ef4ecd
bodyshield/robot/__init__.py,228,8bafaa605b7df5714b5058b9811606b468fdd6142c1ca7eb7f5d3a77b7f5e51f
bodyshield/robot/audit_labels.py,536,e46553ed25e6e20239485ec8aa5eb324cfbcdccf0beb2eae74f7b022e4929c25
bodyshield/robot/calibrate_noise_floor.py,519,9f4be9ce757cdd7d21adcce4ca18c09cd8e4558dcbcd3e7bbbb9e2070db7ab59
bodyshield/robot/emergency_stop_monitor.py,445,c37ecc5eb7c8d574d28fb33c55f95b4dd6ec2749576f1a2e270fa9f54c7cfe76
bodyshield/robot/healthcheck.py,455,726860eabc6bfc325b9f749eb56dff366b96c4cc6a91f5a39ef70a2fe481da00
bodyshield/robot/reset_check.py,438,e8090b7a0eb090816b7617c410404c211fed2768bd07519a10a713cafd8cf2d7
bodyshield/robot/run_batch.py,719,a70b8b8348c93a276fa0368cc4803c918fed00c5d442ed384e8636587f612699
bodyshield/robot/safe_api.py,338,6a7cb06c112dd7fac72c4236a29148101d36b433ca1b5c78283780bfd7301603
bodyshield/robot/safety_gate.py,532,329a59e9ba98dd208456e54e43fb9048c8e1744b7bfe0aef791c9eca239cb3f3
bodyshield/robot/verifier.py,516,d402826e1094379b6e9718c920324743e056b85f227c185cac67cd2ab5264fb5
bodyshield/safe_robot_runner.py,2027,92a1a2bc27243af2e1cc8265836649630ed9494c9d497d7b85a1ff2c478eb544
bodyshield/schema.py,5991,3054d44c3ff1ba8f35bb1f5398df833f4ea7276ede0fd42cb4e49fd8c30becf1
bodyshield/self_trained_public_env.py,26852,4383110f8be5f11a5532122ebf461d0a4080b6256dcb45ce26e54095e8f26619
bodyshield/sim/__init__.py,856,c37ec2d5fe16d71afdfff8a48a410ed515f9ff491ccc83d187590bbe1a943d3f
bodyshield/sim/envs.py,131,c64aea9b9fe19b8cac67c8b67b75dbfea4ec8e87f166ac57cb9bd39f2224aebf
bodyshield/sim/robots.py,142,7fb32739d09cd2b92e10f7acb06bbf7e276c618baefa7d2145d0b53d932c793a
bodyshield/sim/runners.py,687,fedc39e23f02346c9fb6c499a415ef8df0dbd88895cb293d37fdef35861e776f
bodyshield/sim/tasks.py,240,5bfd8ba4ed26aca17179fd6ac15398d26d53881ece2ece3f6e464f627ea2bae3
bodyshield/sim/validators.py,215,9d2fc7d03934d6f1f9fec4fdac9ed12c3b3aa36ab38355d668ed18b58afef998
bodyshield/sim.py,11674,0415fa4badbe118a17b0114613921334773db1b2d6bd43e76ec8bc92e98c4d9a
bodyshield/sim_envs.py,906,994a11d47e96f31b1a20a9de5c898e0339716685935780705621dbdc93990d54
bodyshield/sim_videos.py,5795,b5267c89684ae419aa137b7a9ab46aa242210ab958bb25a6e702d56370a1f87c
bodyshield/simulation/__init__.py,189,1d5f2222f3885a04422068800c86f8f4424210c926b90a5ada8f29d0412b22c0
bodyshield/simulation/envs.py,116,fd3931227cfec346fcbf03b6e5fb1f0e9df2e23181bca39096a56429008b077c
bodyshield/simulation/robots.py,248,7797678e44f7f3703030bdd0d756241e631a9c06a228c37e7bf4b65a9999534b
bodyshield/simulation/tasks.py,161,6a21769a4146a84af48c2a03777194c2d8151f7ea9d0081091a8ecc22fc768f4
bodyshield/simulation/wrappers.py,115,b11739b593fe1d875b6e2035d0bc896c73fc31fd6a7ae7bd3e8b8ea5f2bacbfc
bodyshield/source_import_audit.py,15156,890771471c06c07e1509852d8d638a1b43abd22339f2686f49fcb9b9a44e2710
bodyshield/stats.py,1323,794eff9d43a0441275cd9ce466692285460847bd52046c8f1494d1cacf2b2b4b
bodyshield/tasks.py,3213,b19583c18a2f45074e55ab7bd0c65afc350202a6434792f7237ff7dd3daa0aea
bodyshield/trajectory_wam.py,20040,4be2e649fb524badf0e780ca9e6c2c1a40f7ddfec93c30cfb5bb551e2f730596
bodyshield/visual_artifact_audit.py,13661,4c18a4e6056570326df57b433df8b6c580da152da9a27498611f23378889ba8a
bodyshield/visual_wam.py,14122,a4794ca50993f3a5733488c29cdbb40479f4c76a7dc17766796cbe52c5df16df
BODYSHIELD_FINAL_PLAN.md,10144,14854322d902ad04708dd3a2a7db1018137cba0944b872266cec75ba2f78ca0c
CITATION.cff,400,b4a953c34d5de4934ad60a0c02166107a01893aca8be5b8fb56d00914c951092
CLI_AGENT_MASTER_PROMPT.md,3160,b428788865b660d71ef01bc9aad9aa590e10ff1c8d4c9d323902c29fe4df8092
configs/corrective_trace_readiness.example.json,1005,571507be061178fab5c0072ee7648ad84359a991e3362b44e02c901e6a21fe90
configs/external_policy_benchmark.example.json,1106,d08b1bbb1e57912d7b000867803683c9698e5603c3a9b4fa3f6f70e7832a5321
configs/hardware_push_block_phase2.yaml,658,9221e12fad8cb426cd0d37b7bf59a8f1f0ef996a0910394f057eb03fc0884418
configs/hyperparameter_sweeps.yaml,726,756a384674a548829c81954a78968ab167572107db0f670b92535053cdcfd644
configs/real_video_wam_readiness.example.json,951,f1badcd503498a32e8654b420ed04def7e77024a52ca9f9b2303a19cdeade8d2
configs/simulation_bodyshield_maxout.yaml,1171,44b638b170d9e979db2742ad278b8ce9102e566654c12c9709ac68a2d1edcee0
data_schema.json,1999,773e24ccb360fea640f49113b78880fd64c1c0bde6f5a3150e5232317f6ea17b
environment.yml,203,74f5333adb677534fe875006421b8766c00dd6d1fdef7f3b816871e71aa8c84e
EXPERIMENT_MATRIX_MAXOUT.csv,911081,562a8b1d0b2a944d073eabca2d94dbe677b34d6c327565e7bdb6e682c930073d
figures/.gitkeep,1,01ba4719c80b6fe911b091a7c05124b64eeece964e09c058ef8f9805daca546b
figures/bodybreak_search_efficiency.pdf,13675,72f0296e358fb0456081938f42dae6b0809fb3ac970229e28ab5868dd18c08ec
figures/bodybreak_search_efficiency.png,111059,0415acbfee77189708c76863bff0c25647144a8f275f9443b52fe748d5aae6f6
figures/bodyshield_before_after.pdf,13133,cfde3c4c6fa41500d595c30895c4fced517660b7970bd0ae3cf623e1bea4d8ec
figures/bodyshield_before_after.png,73794,ee0018b52fc7932f9210f107c689bda435d61befdebd5cd32021482a89f030a2
figures/budget_matched_comparison.png,63952,5ed96a6f7ab3bbbab94ef7dae34eff1a72e83eb8c1d514e779bd0495512992af
figures/confidence_intervals_main.pdf,13133,cfde3c4c6fa41500d595c30895c4fced517660b7970bd0ae3cf623e1bea4d8ec
figures/domain_randomization_vs_bodyshield_budget.pdf,13675,72f0296e358fb0456081938f42dae6b0809fb3ac970229e28ab5868dd18c08ec
figures/epec_stress_test.png,73794,ee0018b52fc7932f9210f107c689bda435d61befdebd5cd32021482a89f030a2
figures/external_policy_bodyshield_delta.pdf,13872,1cedb25dce1669098ee39d3fe69b3b6958c66135eb2f59b410c6ee88081e9b86
figures/hardware_before_after_repair.pdf,19113,8805a28dfebd91aa74775fabd73b8844ced2f7507f1672d2a279775a94a7a4db
figures/hardware_bodybreak_search_efficiency.pdf,18926,4b168a96b71c55a5b27d1db5f7ce7ee2c6d09cceccf5873d28b83b6dd07c314b
figures/hardware_heldout_success.pdf,20743,754b34bc1efaa75cf1ec639ad3f8ef93972ed604ff5d77939c16b334a9fca85c
figures/hardware_noise_floor.pdf,17849,12fcb8b3f9c0c37d74e3373e62ac989aa09c0792a2c61b1f7acf6a496d561f3b
figures/heldout_perturbation_success.pdf,13133,cfde3c4c6fa41500d595c30895c4fced517660b7970bd0ae3cf623e1bea4d8ec
figures/heldout_perturbation_success.png,73794,ee0018b52fc7932f9210f107c689bda435d61befdebd5cd32021482a89f030a2
figures/high_fidelity_heldout_success.pdf,15348,bbe632bd4d29b3881a05b1560c7268799fe7b074a48b38656146c4f0583f685c
figures/nominal_vs_radius_scatter.png,97394,ed81296304736aae6b84460ef585aaa81285a5be52a3cac6b24377f50a46bfb7
figures/nominal_vs_robustness_radius.pdf,15684,cf4db7dcb2140aedd5142e03f790c58fc816fdf721186364dfafde2986478ada
figures/public_pretrained_checkpoint_returns.pdf,16781,25190877cfff55ebc3b44a222c6e2f0c7518d6f06c8ab4a8fd76e54ecd7ee0af
figures/robustness_profiles.png,113420,7337cc3d662fc2de6f3399eca6e3c54643906542830060dfde085005df2ca02e
figures/robustness_profiles_by_method.pdf,15272,a79fafcca89794411fb5250a74903a1bec473f8c87e9df286ea642ceb29cd760
figures/self_trained_public_env_returns.pdf,15699,22042be72fea03b548dbb8e88a814145a087f8181f32387517bb80b300b703bf
figures/self_trained_public_env_training_curve.pdf,16108,4d4bf2224ea3aa902313b139fbb7d96e2fe1440d4c0737cf3ceab36986deabbb
figures/threshold_sensitivity.pdf,14739,6dfd0568f7ce27ecf7f794b32bbddcb3d03de673a473868a237e31d485f8bb50
figures/threshold_sensitivity.png,153174,12eadf93bb635cffb2b0296add4856ed3eb907035385339f01654b14d4f6c1eb
figures/trial_efficiency_curves.pdf,13675,72f0296e358fb0456081938f42dae6b0809fb3ac970229e28ab5868dd18c08ec
GITHUB_REPO_NOTE.md,558,be716205b1f88b52c814af795fd24b388c932e29b534d3a983626e6cad301b73
HARDWARE_AUTONOMOUS_CLI_RUNBOOK.md,5735,d6f631871260b750cbdc230df571a875f98af6688a1bf511dbe43179977d4157
LICENSE,1080,8797ea1aa14008a3777cc4b6eece942da747aaa22ad6b84fd12e374d421ca689
logs/.gitkeep,1,01ba4719c80b6fe911b091a7c05124b64eeece964e09c058ef8f9805daca546b
logs/sim/results.jsonl,310237,264280a0f704b57ded2c032e9969f2a75a776ec3d589de6779a1a253b4960d3d
logs/sim/results_flat.csv,1386813,380473536658a626edac47d3a38846932c5b4bfbc68b1fbee1b0166590f406cc
logs/simulation/results.jsonl,310237,264280a0f704b57ded2c032e9969f2a75a776ec3d589de6779a1a253b4960d3d
Makefile,2889,957e766e2e00b8bba1e110445afebf5e56f43facd3da25de0a05f2d4fcdb1011
MUJOCO_LOG.TXT,5612,69d864ce963a26f232bb0505d4113c6d9ce9f9e2e7f46b789e2adbf99df1289d
NO_HARDWARE_AND_THEORY_DECISION_MEMO.md,5869,38e8e2232d7d0cbb0bf87fd35dc096cebb4fb253cd393b8ba299504a1a8917bf
NON_HARDWARE_COMPLETION_PROTOCOL.md,962,58b928627d947a666e9f9f7810a20be534d203c8b3d9a06b64b05d04fee15922
paper/appendix_claim_ledger.tex,167,b7e54489b6297c46b98b267e842e196c9bfc06d71bf224aaf9a8a85813b2b19d
paper/appendix_reviewer_prebuttal.tex,435,dbaf158352fad9763b656674309e93c1c366790c79b5ec5ed1cb8fd18b5e3e03
paper/bodyshield.pdf,31378,8616c5f4f6a2a2f326bca324c1c415df5da9286a002db6132864d709c9088cf8
paper/bodyshield_full_paper.pdf,31378,8616c5f4f6a2a2f326bca324c1c415df5da9286a002db6132864d709c9088cf8
paper/bodyshield_icra.pdf,122717,091542b9bc80d4c0121cb580871c0d48e1a5e1bc97dbc28d2fd672fb6048703e
paper/bodyshield_icra.tex,7113,3cd70823b19d774ac64260ebd30748572ee1badddd0f334e7af628517ee25236
paper/bodyshield_non_hardware_draft.pdf,117832,b28727b4a0d030e51292135bd4d958db3eff84899ca32994ad4d7aa1f2b78dc3
paper/bodyshield_supplement.pdf,28503,a99cb723f0e40838ca90d816dd984d62776e909abcdc0406c4488d1e9959ee2d
paper/main.pdf,31378,8616c5f4f6a2a2f326bca324c1c415df5da9286a002db6132864d709c9088cf8
paper/main.tex,6926,45a2e625865410d1597d62f1e645afbce17443287d74b932929290934cb17038
paper/method_bodyshield.tex,929,2f995bc14b3a473c2fd498d0241b4b8c90a9ad3ff9e5c3d32653a790dce4ca5d
paper/references.bib,6550,6a0da93b4da2a1fc0d099ea3050b63ee00ce2a711c74e376250337696c42b33a
paper/related_work_dangerous_prior.tex,1558,2b17dbfe547b7ac2b72f6a278afa50ce03b453b40301e7313f73f9b48cdfc566
paper/related_work_table.tex,1643,f159b9d0dc147ceb8f220b08c3dadc3ce05f167fe52914c6c2a10bcbefc9f849
paper/supplement.pdf,70709,de460c1792f394f0bf8c91d1ed6ab6947ce94d9f41785cd58eaa8c3b6fa5aa9c
paper/supplement.tex,764,e377fc55b1ff7d9bc284f8bfaef227e38c4a0b76891c4049031d9c86e9ddacf4
paper/supplementary.tex,903,fc4f7a54e7f83e3004475a5a65eba0badbf6753b5c0d5ab1c06e13ef2be0e37f
paper/video_index.md,864,fd17f7cd577ce986d53e3b427a90d2159f613a6be805e456e63f3122b8319603
pyproject.toml,598,07dbf6c046793ba389d6a5cacf3a000fd7f02f5706088e31c1278f13fa8ace42
README.md,2968,b664e18f357c5df0f34106b812ba41b052d5e4220a99dc305419f5f17aeb963b
README_EXECUTION.md,4298,ea6c09cc47d387fdd243a6ae40057b8130411e422cf59583a94afb528d22fd67
README_FIRST.md,493,26c665502e585cfe165df169adee8e558baf78ee68932dfc1b400f37f374c769
reports/AGENDA_FIT_MEMO.md,2599,c09086d0d5a1c2ee16acddeb9529080627ca3f2491d59b6e5838f18634bd15cb
reports/baseline_fairness.md,433,6386d97f3b9f61ffda27a010dd729660ea87c97858af4613d4822796380089d1
reports/baseline_fairness_protocol.md,1618,3836f66ceff27fe53fb180729fba7908ae2a4aef477e75217586cdc8ebeeafdb
reports/BODYBREAK_MINIMALITY_AUDIT.md,1456,a98681320a4b83bbaaa2ca992d65b52cb03344990352a32b31b975d2aa168a7a
reports/BODYBREAK_MINIMALITY_AUDIT_TABLE.md,9644,d3d350a49566b11a274ceb867840a9806bde47bff94a92186cd6ca60d4e1dca4
reports/BODYSHIELD_ICRA_BUILD_LOG.txt,17314,d6248cb2fc5923bf42cdfc5b28da653c920b57af7d584362c8230b0908c6fbf8
reports/BODYSHIELD_ICRA_BUILD_STATUS.json,112,22f0baccd20a707685f74bfc5f8b25c6d6bfd513c9120d41b5262525a6bca7a2
reports/BUDGET_AND_FAIRNESS_AUDIT.md,1928,f70b290a2196d1adb0b02154f3d601e5891556760a1537c971d55849e676676f
reports/citation_verification.md,2313,0bd3b21257626f67b707218ad92877a949618200035d1404a4d6eb2410636810
reports/CITATION_VERIFICATION_TABLE.md,2523,f0328f56641cb5101be7749d49782bc1a4a70461575adc8c8aa2656989051ea2
reports/CLAIM_BOUNDARY.md,1498,1f080cc8272e4f7f76b0e7a4aaeb344fcd6c9f60a9c5d964ff5aa8d7dddb6cc5
reports/CLAIM_BOUNDARY_AUDIT.md,20385,5b77f151485ba23c6da63312c09bb22b70ea0c6167ab26d18505f31f72ec1f45
reports/claim_ledger.csv,2546,8e7b50af3f81321f68d9021f46e0aaae93e60a803f48e08ee6a584dace88aa77
reports/CLAIM_LEDGER.md,10024,7f040bca5715e394573330a7799fd3b80dd280b1509cc7c068bbbb6e92bd94de
reports/COMMAND_SURFACE_AUDIT.md,34136,a310f01d07ca620385c01886664bf412bf4e3c71d0a27bc569278006918af87d
reports/CONFIG_SCHEMA_AUDIT.md,34543,1fc905e2f462d01247c29b7340bac672f536d24d1e455a48c99f745aa813b558
reports/conservatism_analysis.md,317,6d1b85d8b534b140961e600ceb4569e058bf82ff9ed56495f7c05714d713c939
reports/CORRECTIVE_ADAPTATION_INTERPRETATION.md,1175,3dd8912313dfa51b42130aab9ee32ddfc7fc8ca47baee13ce26eb2fe9093fc23
reports/CORRECTIVE_ADAPTATION_TABLE.md,3512,d4228c14f11d751dbbfc812e8e8b2cafb8a9526525665aea09ec013625b6ddfb
reports/CORRECTIVE_ADAPTATION_WEIGHT_TABLE.md,3024,e20f0254ea8f2d07838c2714a70eb413cc08fcebb57c5388ca78f8130d09ce15
reports/CORRECTIVE_TRACE_READINESS.md,4015,9e9032c4f81595f7eaf761261038533089c229c4ff5a161f34daa280359f4414
reports/CORRECTIVE_TRACE_READINESS_TABLE.md,3110,53f021057b0b8033b2a4f16a23436c33351f9ce80b5fc6084399d39911cd24fc
reports/CORRECTIVE_TRACE_RESULTS.md,481,74cec189e2b811e3d3a80ec3c43b69e33fd77340d345b81a491933f4c954ea44
reports/DERIVED_RESULTS_AUDIT.md,9881,57a3020c982c31d2dc10d56129eb7100227ac4a00673cc66ab88c1cca52900b1
reports/ENVIRONMENT_DEPENDENCY_AUDIT.md,6135,6e68db1a07cc219188c862bbde05491bf1a52a8beb9777b92a2f020caf9fc8f5
reports/environment_start.txt,16,125a353ba9cd603e069d1e1a5ee22e961bac9b7c82e4116f2d42c00ef82c7a58
reports/EVALUATION_BUDGET_TABLE.md,398,546caf1ca99ecd33fe179a0b9e942502b55c9db112a53c2ae3400737b1cfa67d
reports/EVIDENCE_CONSISTENCY_AUDIT.md,11440,241ea7a7c3cf79073d42cf2db73f5b2306a13d0c817a7f681f2c6811bdef8c27
reports/EXTERNAL_CHECKPOINT_BLOCKER.md,483,a6b2ac8e9f2a47f598aa1e42c95683711e9ca8847a8fbb75b71316b86bbb5863
reports/EXTERNAL_CHECKPOINT_STILL_BLOCKED.md,531,d718d27d9b4b82c39ac6e26555a6d5cd0bd7a2ee81d496088218ebda217e66f1
reports/EXTERNAL_POLICY_BENCHMARK.md,12057,34b624a5e0deb45b7b61bddbbf63ac5e2d13bc1ee756afc3482bf8e0b749e65b
reports/EXTERNAL_POLICY_BENCHMARK_READINESS.md,3901,805fc1647de8e98997d70369122a7a76dbadef859b0ad44c1638d99004760ee5
reports/EXTERNAL_POLICY_BENCHMARK_READINESS_TABLE.md,3030,2254ea46aa2906443073766f4208b785c7ceb5ffd2dec75917610b057f08709d
reports/EXTERNAL_POLICY_INTEGRATION_PLAN.md,1142,d0e796048a38ec5c627f9da3310f9e237fa295f43edaccce73401f9c82c6f37c
reports/EXTERNAL_TRAINED_POLICY_COMPLETE.md,753,0e4a0ae1bf96859e378309dfac39ed18be93006a8d709c06dfa5df17577f9df9
reports/FAILURE_TAXONOMY_TABLE.md,5518,283c949f7c3211ec913b5cc2effa01dc31b2161c1b3c91ab024fb8cc3bf8144c
reports/FIGURE_CAPTIONS.md,4459,54d52b5b098203e8e1769a5df7e4b901b9cabb905f960ffd7fa62f28c86c3e43
reports/final_reviewer_prebuttal.md,2149,4fbbc3afe983fcb2f110624e250bd8e77117b28d583e152ed07bd278dbf83906
reports/final_submission_readiness_report.md,1182,f2ec4cdaf063fffeb95c688720365eeb04bbf207bc1a956b5751497e003f1a8a
reports/final_video_index.md,926,73a13b6e5c778c70e3461044660dff85b203db7fb207f301253b2bc094bc9184
reports/FULL_REVIEWER_PREBUTTAL.md,3390,0f1f8ee235f2bf163965bb89db66017afe02ca98d6ade65010d0a3bb474b8773
reports/gate_1_domain_randomization.md,439,e4e4616c30aca61b2aeafbfb06ce9318991d7483205e77236c7b37b675705a48
reports/gate_2_before_after_repair.md,303,d13aab8c6ee8887fd9fa41906e2baad2da63dfd00e6593bb62c013ece0ec6c8d
reports/git_start_commit.txt,41,b55fe3071708ae24bd9dbfbbf39e66ac390681d39e1d24716ebe268185e2054f
reports/HARDWARE_BLOCKER.md,833,3a9b80778051ba8b6123ddf645e95945baed803a59d7d18a6c0cd73d0d49875d
reports/HARDWARE_BODYBREAK_SEARCH.md,170,b1515a9b486c81f447cf162fcfbee52110bf0ff1dda514bb4772ab7b7e6262dc
reports/HARDWARE_BODYSHIELD_REPAIR.md,172,bcaa12700712c7e3f680d924317aad4f7af0134331e64d270940e6048985e624
reports/HARDWARE_HELDOUT_PHYSICAL_MODS.md,182,2a4e3256e5d7dab067e575a84ade7d83faefaae1ad6077115f2a5606092bddfb
reports/hardware_noise_floor.md,156,4dd05301066bbc02e0b35422dd2b74388ce6de092f63a94b3092ff09afff0127
reports/HARDWARE_ORACLE_FEASIBILITY.md,174,ec33e081c3c89c1cba85a96ef9c4472d3608dfcb744d5dd8f6048daf3c94d6c8
reports/HARDWARE_READINESS_AUDIT.md,559,e0bcf87ffc8c0e13f8ae04998cf49b9434acdc2d136c2d8425fdfe27baea9aa7
reports/heldout_generalization.md,194,363b4c8a0ac02b18e7d1acd05f8285f90833244ebbe91326a7c7c0400d761901
reports/heldout_physical_modifications.md,444,9aef25558aac12df020cb354c3fc8cb3f6d40f490a446b976a7880bf9b0e733a
reports/HIGH_FIDELITY_BENCHMARK_TABLE.md,316474,18d6abb95db2f164a61e2a07697dc9c57ef3f5c3926471aea07ce1c40e24a4cc
reports/HIGH_FIDELITY_INTERPRETATION.md,2584,3fd593c1fa442ab45f2f232c72229cd7334d4b59163f6a6fa309de911bd94d62
reports/HIGH_FIDELITY_POLICY_RESULTS.md,780,5672a736930ecd3a787fdce5f0280db3fc33ef293b2510ac206d63d6bb43c3ff
reports/initial_repo_audit.md,4918,7f9dedde535b77b33c36202908a1569ddeb78e9f44425aaf99bd6445c288990f
reports/LEARNED_OUTCOME_AXIS_TABLE.md,2038,0095eaba6348e1469fcb50773ed3c7b6ee8795d0f44a706bb4ea7b06be6982df
reports/LEARNED_OUTCOME_MODEL_INTERPRETATION.md,856,580dc6144ae22f66d7502447d5457c27a4e430c58be648a2ec81e5211f30f430
reports/LEARNED_OUTCOME_MODEL_TABLE.md,1142,4618bdef0e7f756c2461ceca7b2af249a902ba5b0fe7d6df6287670e70da4b1c
reports/limitations_and_scope.md,1498,1f080cc8272e4f7f76b0e7a4aaeb344fcd6c9f60a9c5d964ff5aa8d7dddb6cc5
reports/MANISKILL_TASK_RUN_TABLE.md,2542,93d4d6729524ee476baef3a71f9f8f79952ecdb14186135b9592395e7c0554e3
reports/MANISKILL_TASK_SUMMARY_TABLE.md,1022,8f8b7d6f55a113c7665088a05d3071d65991e9627c2e2084f7bad0bd405fcd8b
reports/METHOD_DELTA_TABLE.md,3398,6d8e76b9b946e7573e7ea13acf0a8e87ab5abcd4e09363e530d266776ea87838
reports/METHOD_THEORY_STRENGTHENING.md,3798,ce8626a9f6f6e940f7ff90d2b7ac6f44c1a6afee89e0ff8f4996304e1670b3a2
reports/MUJOCO_METHOD_SUMMARY_TABLE.md,655,bc9b67eb4991a8875d3fe6bc33246f5ed0ed5a5b0188222fae5658dddf1c0a09
reports/MUJOCO_PERTURBATION_SUMMARY_TABLE.md,637,dec01ce2ec703f528913308948846931940d2f742e8593c969e24392970d877a
reports/MUJOCO_PLANAR_METHOD_SUMMARY_TABLE.md,844,85b6cb77f770096a0421aa605b2842999fcda820b70a6c80213c5da003b01f5b
reports/MUJOCO_PLANAR_PROBE_TABLE.md,52270,8d6331798f698e29a5987a9ad04c9ff0339615c0e64da0686b4d80c1a70cc20b
reports/MUJOCO_PUBLIC_CHECKPOINT_ROLLOUT_COMPLETE.md,12251,ba8bc85fcd73253b36ab0e74d62ed004e241dcd524462cdf07c3e7f18c24caaa
reports/MUJOCO_PUSH_PROBE_TABLE.md,102044,107df4f9dd9927a2caeb8afe1deaec8a5ea083ab97e3a7fd6bf6adccf6ab6554
reports/MUJOCO_RESIDUAL_POLICY_GATE_ABLATION_TABLE.md,5902,00cfe9e6ce0daa41fc64c45e35d8c4798bb46adc7f4a1c7114ebd84a1b3e7f66
reports/MUJOCO_RESIDUAL_POLICY_INTERPRETATION.md,1748,4e5c4d838e9fb34d9bd56cc5d3c8614558585935a2e9402e1a38f9651dd10d2e
reports/MUJOCO_RESIDUAL_POLICY_TABLE.md,3540,c070052868f64900b927adb2a592c57ccaa76db2f98daba6fda5a6a3d2c5c9cd
reports/MUJOCO_RESIDUAL_POLICY_WEIGHT_TABLE.md,2820,b68d6e9550e59fff2923f84ba3b2f6436c8c38507f4b9807c8452033a8a2b604
reports/NEURAL_WAM_INTERPRETATION.md,1455,dd49b04b9cec2fb359f8388f49ed0a01f2220bf1d315d27fa2229282a19075d5
reports/NEURAL_WAM_TABLE.md,2407,d29648793ac2568dcfd213a301cd9007dfce8cc894bf623163a42f1ef84a09d5
reports/NEURAL_WAM_TRAINING_CURVE.md,1252,7c61f92d7d331f9d3618867b2d85d2f37471a0042382a5d51790e01f7e249ef0
reports/NOMINAL_VS_RADIUS_TABLE.md,1786,c0565249d36ef8c7d2745c0db1b965506897f4dc5253ac3972c06da3c5e0d80d
reports/NON_HARDWARE_AUDIT.md,14923,4048496c58707bc6191524e42711227f4c39fcdf8355d2e8eac3ea8b436a40a4
reports/NON_HARDWARE_COMPLETE.md,12262,869b1750c5781473da5130bbf62c1fb1f8211ed3a04c6724e6e8ffff561e60b4
reports/NON_HARDWARE_REQUIREMENTS_TRACE.md,43103,311b0a0e0d1a99be4647e8918e51e81ec5def6271a4d2aa8500c51c806ac5199
reports/NOT_READY_REASON.md,506,8ccc5d55c2d2be6bd51a01c4edb7cae6046b7757a9b89c15f6a94ec054783741
reports/oracle_feasibility.md,295,d321fbfeae494a30ec9629413103e6e494007ca423144ae1b5d71f8327a64564
reports/ORACLE_FEASIBILITY_TABLE.md,14878,238ad8311fe4d574803cc349d84f31525ce7900576f299cbbbce242f43ff5fdf
reports/PAPER_BUILD_LOG.txt,14482,5c372287513cce9c231da30a56dc8a4d99d5a22cc1984b41a78851685de45b06
reports/PAPER_BUILD_STATUS.json,126,f9c789879fe2e8e42b25a089b0ad11caa5d4dc92af1428e28c49c6d49467641c
reports/PAPER_REVIEWER_RISK_AUDIT.md,3561,8d3ec359c22b82e9df1147b65f40ce17f6100adea84b5b01576a0eef72462276
reports/PAPER_SOURCE_AUDIT.md,11169,4507cb44dfdf64657608ffe327ffa86166b662f62ec9876945ba2c1226772586
reports/PAPER_TARGET_BUILD_STATUS.json,92,04920c2b11798dcf1c55bd28074dabed414f0fbbe6280f791f2fd78d705632b6
reports/PAPER_WRAPPED_COMPLETE.md,520,56d066d5093ab74ba60e01206d764761fcfa18ecdcf6f0b9103df1942e064e47
reports/POST_NON_HARDWARE_ARTIFACT_MANIFEST.json,3226,c5b0afebda2624f5ca714967d1ee585d4139b95e5dec37bc08cca544b655194c
reports/POST_NON_HARDWARE_REPO_AUDIT.md,4187,ec2b544f2c1e121422d880919d3b4aa724878ca05cb75281e9c02519640cff8e
reports/POST_NON_HARDWARE_V3_RUN_LOG.md,1536,1f3082c03c8255e79d7905b14764f5b58bceaee6bfc6d08619b819dc23bf13ff
reports/PREBUTTAL.md,1746,d6f55b05db823e40691e78a3cece54f2c76401f430b63b1a10976f140a5c15fb
reports/prior_work_comparison_table.csv,728,4f64b935e6a237bfdde8adf99e13e53a2df656bbc006d9da847ba638037207d1
reports/prior_work_hardening.md,2957,7e79e9a2d158237e449ca5cd005a92d57702a81d9e212ea05de17c36e467bd34
reports/PUBLIC_PRETRAINED_CHECKPOINT_COMPLETE.md,1801,44a2bff1152f6f60c8bb36d249e78a606cb3dab9c5d494904dc4051d9678f00d
reports/REAL_VIDEO_WAM_READINESS.md,3710,aff4ae19edc6f0d74285992748b6acf758048f9cdcf9795eb485c5e07669dedd
reports/REAL_VIDEO_WAM_READINESS_TABLE.md,2918,49c26aa08983511d3cfdc096aee7f81311118642a7adfd518ebc29bca8ea292f
reports/REAL_VIDEO_WAM_RESULTS.md,481,c8b4eac87afa5913fa04cac5638d2cf442d9324a0da7b4308f16df69f4d56dfb
reports/related_work_audit.md,5813,dbc0f8522a8e8cb3a1917393135a81da5ceee00a05d90b73494d7f20e1bccc72
reports/related_work_hardening.md,2357,be47be8eb73dbb2c5fdff60d0270a70fd7c72dbdf2a1933b4ba81f8e4e0737fa
reports/RELATED_WORK_TABLE.md,916,57e7ee27297a69eb1244c9b52821c95fe1bfbb0203f3d46b77d98ae944bf97af
reports/repo_gap_audit.md,1742,7e22c757934e7892537e9051e5453efd24f13288fa08efa7095ae680a0f0dd94
reports/reproducibility_checklist.md,318,e21b78e0a45548d88530db13630e3a93462cf13445a097ad223721372771bb24
reports/REPRODUCIBILITY_MANIFEST.md,7610,9aa23e3f9364c9f2b72acd43fccd3c11702bd024a7b52169c8daecb849e66724
reports/RESULTS_INTEGRITY_AUDIT.md,13173,d6ad52b5bdccf713d14095bdbcbbbd11e35a639f49012653560e92b3d6e5394d
reports/REVIEWER_ATTACK_CLOSURE.md,2183,6d5de798f7bf23e240a27b4f165369a6b7d5bd72c3845fc7194787dd664905e5
reports/reviewer_prebuttal.md,2149,4fbbc3afe983fcb2f110624e250bd8e77117b28d583e152ed07bd278dbf83906
reports/SEARCH_BUDGET_TABLE.md,634,d2d6d5f5f15e4c08a89ef4f01b959943f487016d2b98a73304357522e538970e
reports/SEARCH_COMPARISON_TABLE.md,964,1fe2e7b237fff236b800af7d709e1b924f07545133c1300450ab7112053e258c
reports/SECONDARY_METRICS_TABLE.md,2326,95e285a2eb315635ece3700ea8226d58a3b393e09f36ee803e2815acd550e96c
reports/SELF_TRAINED_PUBLIC_ENV_COMPLETE.md,1686,cca4349c7e4058a6d08421abe59a789a668e3ce496c9eb43e426e6f87fcbe116
reports/SIM_ENV_AVAILABILITY.md,498,d4e72b9fb605db7e1e7bae6f1d2f598c997865222c5f2977e76e05f5127d89f2
reports/SIMULATION_BUCKET_SUMMARY_TABLE.md,6206,a223722d73221927df4239bd21c5bd5dbe1f151b68391b33c38886b068da0212
reports/simulation_results_summary.md,314,311dfadf6044c52124bd52314d1afe3f458d4d8e24dcf59ef7ca350461b61c83
reports/SIMULATION_ROLLOUT_VIDEOS.md,2318,38293c3b5f6c161925a1f5408331e824f49e82ebc15d13bb204be7e2f0bf2690
reports/SIMULATION_SUMMARY.md,4543,61660361b86bb36bc5e572d9586fb550c24b08083bb312dbb01c3999418ee31e
reports/SOURCE_IMPORT_AUDIT.md,20371,24455c18b98a65cffc616282313f54b55b1c98bd6ee8f2a81a363dbc918d20a3
reports/statistical_analysis.md,398,05ea6c140cc13e1f3ff7149f1fb8368e3312900cd72d83b91634fa5c7ba4d277
reports/submission_readiness_gate.md,330,81ca512b48f42f5d3f213d1fd8d158e87b323d0fb2eb15c40f46b6f7d7f82ea2
reports/SUBMISSION_READY_AUDIT.md,3016,496363ec7ec5970d1af7d9822b88ed971d90c74f0b1d27f08fbf348ed22dbea5
reports/SUPPLEMENT_BUILD_LOG.txt,1972,ecfdfe5a9868f9b90c9e39ab24323044bf741e79f5eea582d2a0b46dbec002a7
reports/TASK_SUITE_CARDS.md,2858,3f89631c6945a1d15d8ac5a04ff52ac3c2a3dba8b38b173c9437da15856f47f4
reports/theory_moat_report.md,3022,fec76b44acf8f8249566e2c2683b2672dee9f0f99958cc12b0d95a2803442cad
reports/THRESHOLD_SENSITIVITY_TABLE.md,1613,4a6fa4c829df8b6408add36f9e2d4ca1628e8f6779cba1fe4b54986e108f5790
reports/TRAJECTORY_WAM_AXIS_TABLE.md,3024,566d2e0b97187c8c208a7be8cc9d2d96de3c3a8dbe40572d27b1a09cd95a8be4
reports/TRAJECTORY_WAM_INTERPRETATION.md,1189,c77c9e95f90c41e9719c08fb9062bc7b7fcca2c20e81398f4bf347b9ff9df770
reports/TRAJECTORY_WAM_TABLE.md,1582,50697ae135bcca0234d3f7dc71e3104977bef6f1a9e0b7385793ef8b686b660e
reports/verifier_audit.md,237,665c0b0c4e75390150657b4ae0bf80f50b87002df883ed673304d0400842b437
reports/verifier_audit_report.md,56,4790028381b160438858243693335360b9ead30b90428cdd3d36036cdb2f4ee4
reports/VISUAL_ARTIFACT_AUDIT.md,88747,ce626cbc669d526daac830060e8504dc3857d31b5b13e41cfe9a8a3cd76f6a4c
reports/VISUAL_WAM_FEATURE_WEIGHT_TABLE.md,1732,03eb1aec37c0aa4bf0953ab9e5547568ea8340f4198be94df1f73950e36d9dc9
reports/VISUAL_WAM_INTERPRETATION.md,1141,4751c163cb96fcc26d0535c6c56037d659881b53d45ac6bb2794263eb798b2e0
reports/VISUAL_WAM_TABLE.md,2275,1479e4379e6ce26c0d5052b8ad64b7c673eb527fd8083929b5c54e110a75838c
REPRODUCE.md,287,a19d244f83021cfed85788b8f80ee48cf88771269c6c7637bdf6f0d43eb14bd6
requirements.txt,149,1d525d28490a105aa518cbfd1e7b4a99d88cd9ce63a54f69871968a5d661f7f3
results/bodybreak_minimality_audit.csv,5355,9bad77a943f17c648bd98a8c038d760d7de4a98fadc4944e1df0045b2795ec26
results/breaking_search.csv,55246,8df6f6835c7dc7dab9321f2a709653cd6a805fa1add0c57789e2b28fc3ebd3a9
results/checkpoints/public_sb3_ppo_halfcheetah_v3/ppo-HalfCheetah-v3.zip,1744850,8df0cd0c34b5ddf1e5210a5f45507e6d5da7c2f5bfde825e548009aa51d21a6f
results/checkpoints/public_sb3_ppo_halfcheetah_v3/source_metadata.json,953,73b96dcfa80533f4069557662075b7bf5a2e8abcca6be09bfdda7db0d10be834
results/checkpoints/public_sb3_ppo_halfcheetah_v3/vec_normalize.pkl,5012,b364c6b89c475a08290ac03d8e557c337cbdb592b33ef0e38b7e788cc071e759
results/checkpoints/self_trained_cartpole_linear_policy.json,4615,a6a62aabbf7ad11394a7f65c6aef9d53d3092503c67aae8a3b466ab21b6ed7f9
results/claim_boundary_audit.csv,9038,11410a4b8b4e7ded7d8cd79be60beb97f8c4adc5dec2ac91dcde68e71b046a8b
results/command_surface_audit.csv,41424,76844cef85b3df410dfcb9ee59b015cf2cff64f834ae2f90b20c798ff7ff0e18
results/config_schema_audit.csv,6161,0fda9698d6d2dc9ed992f74126085a4c8d6629972bcaa8fde25fd48e39396b41
results/corrective_adaptation_eval.csv,2565,3bf531193729f4f76e0232e6e908d09b2edab022c5bad15d5f4b28e7adb8c509
results/corrective_adaptation_residual_weights.csv,4103,287ca0c3e40db89f2dfb25f007dcff88004ed9226bfbd5e331717ce263af922e
results/corrective_adaptation_rollouts.csv,1465486,bd28e959e5cc05944fc51ca597ce4c838a3c59552ef6df8e7f40aa06d0396e58
results/corrective_adaptation_trace_sample.jsonl,106717,2c14fd44231ad2ef288742d143a77a32c795adcc016e5f9b67be83c389dad4e1
results/corrective_trace_readiness.csv,1251,705eabc0de2cdf625bed16eafbb808f5752f50d153415ddc90df2d018665d198
results/corrective_trace_results.csv,497,7dac1fabc5c339418d47e3bb76b7de4e98daf3b918979900b65dc48baef4a46b
results/derived_results_audit.csv,2679,a5e6955950745044ed9cbdb551c3a14c4cf53c1e4d56b92d3cfccd6699d36a96
results/environment_dependency_audit.csv,2001,23fb7c3fca5aa91b1b6da4e15ca92781d3a64e2eeebf428cd712b1851c206deb
results/environment_snapshot.json,638,0c4adbf32c0b05053ddc213c373858b483a7959fb314395140d0edf2106001de
results/evidence_consistency_audit.csv,71148,8b21db07ef0673e37b9ea77f2e56105da1bdc23059b28507c49c7eedc61c2dc9
results/external_policy_benchmark.csv,1677,958e351b4cd7b1786a2952b46f041738232f3ec6137a79117f76b2f4dc67fba1
results/external_policy_benchmark_readiness.csv,1239,b0fb7e344737e9c55b05dd009df02fb320e057b66f10f102390843fc19f6b6d4
results/failure_taxonomy_counts.csv,2693,11ab9b94123258eac67aeaa8fafe3237e8d88eeb7b624414970593d262ea088c
results/figures/bodybreak_minimality_audit.pdf,14739,0abeb896c678276b0469c54116b26cff134962f7056c8d789b5a84d59c801890
results/figures/bodybreak_minimality_audit.png,153174,12eadf93bb635cffb2b0296add4856ed3eb907035385339f01654b14d4f6c1eb
results/figures/bodyshield_mechanism.pdf,11112,29c2c344e5eb67db938dd3423da8a388e71cfecd1430b2c2bc24fdf211ee76d8
results/figures/bodyshield_mechanism.png,56997,f7722156efd2e5f830841ffefe8091a5c46b5604609ba17b39496ef71c36f13d
results/figures/breaking_search_comparison.pdf,13675,736a2ba6e4a1ffc03d830704bd0ec88217e003d19f04d52ed26b8b12330f8ec4
results/figures/breaking_search_comparison.png,111059,0415acbfee77189708c76863bff0c25647144a8f275f9443b52fe748d5aae6f6
results/figures/corrective_adaptation_summary.pdf,13501,16100cc5530f03dcb59190a9a46909f7c96ab25d01e5d1368bf5f5b1d37a4e2c
results/figures/corrective_adaptation_summary.png,111659,b4f9ba5dcde08a63af4249677a6b0e9d8cc6e44437888695d6be5182ac033650
results/figures/high_fidelity_summary.pdf,15508,2879f81598d5e3a17e98583ec73132ad50ef773ec3611673a18645bed5cfbdce
results/figures/high_fidelity_summary.png,114143,37f37d2da479d07e1783995f4c82f49b9a9f62ea61b4f927cd53813de0785e96
results/figures/mujoco_residual_gate_ablation.pdf,13615,dad16c56792e39e2a7a39cda2a795b032b3e52a455410d34710466690c248ef5
results/figures/mujoco_residual_gate_ablation.png,100819,b8926cc129e7f1b499cc31b15f7b0e4ec61e0322c94d6465a17beafe1c14d60f
results/figures/mujoco_residual_policy_summary.pdf,12996,27b29979dabccb1bd08ee24c45012515444c724d1b63a4433ddc3e2db723eb6d
results/figures/mujoco_residual_policy_summary.png,116856,eb0e2b5423496ea76ed75878d74bf110c5323ff34a289a656b4b75f8ac7e6e1d
results/figures/neural_wam_summary.pdf,14821,b9df3079015ccea7e0b8dcd5e1993564ee28a802ca2a30367cd9b1c4fc8e7450
results/figures/neural_wam_summary.png,116050,3ad6d170656d628b569af7e0e54baa5a47875843044cc1f90e6790dba09d1b59
results/figures/nominal_vs_radius.pdf,15684,2a16f8b00d5914639dc826309d49211fd2c6192c59fc74a9259b589a352d663a
results/figures/nominal_vs_radius.png,97394,ed81296304736aae6b84460ef585aaa81285a5be52a3cac6b24377f50a46bfb7
results/figures/repair_seen_heldout.pdf,13133,2cea8e812f28385c873fab6dde4393ff7172dc0efe85b6edb5c458be08abf4a6
results/figures/repair_seen_heldout.png,73794,ee0018b52fc7932f9210f107c689bda435d61befdebd5cd32021482a89f030a2
results/figures/trajectory_wam_summary.pdf,346436,850de9c3a584cce142c6072d71ec1c3f03e35991bfb5083a5f13ecb81721b1b6
results/figures/trajectory_wam_summary.png,177264,c4ecdefb0c8ef410c7b8a2af96b0b5f8204273b44bbde434d44ad0d5e86701fc
results/figures/visual_wam_summary.pdf,14917,e7b9776ea08c1793ea2fa2f1d5bd51e9bc0967becf6a4e4ea12c5bfd1a5e354e
results/figures/visual_wam_summary.png,80934,580f3fb1f0dec4685bd62de48149d03fb7423583cc8f23888744e1605d9412c9
results/hardware_bodybreak_search.csv,135,83ddb11404f27e647a0a5c0f16f4ad5b28c23f4448b0afbfb00b8424b581ab73
results/hardware_bodyshield_repair.csv,145,7f1cfdd4549a55fbbe1aa2d62408e589e846e7714110ddfea6ef7428c071d0de
results/hardware_heldout_physical_mods.csv,137,9dce038e6e3e9bf5f62aa8f84fdfdb744e3d5e4f8661fb3b968eb70a01d7ad8a
results/hardware_noise_floor.csv,128,48d44ac109df70c4da594a28aba63b975b558f989ef34fe01f020d9091b59b2f
results/hardware_oracle_feasibility.csv,133,e9170f5ad9d4fe4f30b62a47edbfa0adbee5faa6fe6ff02b6a7a1fe6e9208a8f
results/hardware_readiness.csv,1045,b4921e59a719da3ac18f71069a35b0679e6228357feea5633a04bcc6d6d46a17
results/high_fidelity_benchmark.csv,126791,20964fc4a8e97c2ff2156812ba4d1d61dc144dbc76dfc0b9e5a0c026ca2407af
results/high_fidelity_policy_results.csv,62830,b3b88bd95ce6777c8440c4664b27644ae03dd46ec5ec7846402387bd2fe4cca4
results/learned_outcome_axis_weights.csv,1485,7230729f344316dc8370c7a5b3e42cc42575cb815cd458dc3aafae2e6a75d6a9
results/learned_outcome_model_eval.csv,893,c3d9f390926b5b44428cb9e54c88a1264c09843d421adcb10ba6d05db2fe8ed2
results/learned_outcome_predictions.csv,3090676,3761e7d44796554906367f55fbf8a7172e445dca4ae4c453cedd7a1859712deb
results/method_deltas_vs_bodyshield.csv,6590,0b6a39a87bfab3d2548319da194be0b52e0f1a551c7facfdd423a1073b6db10d
results/mujoco_residual_policy_eval.csv,1956,04dfe4dc2ae4a8b639c7f5c5f214384c34aa59077cdfd96f5f75d62746b7882a
results/mujoco_residual_policy_gate_ablation.csv,3229,b7577e76d583ece75b5a10086bb39692282a9dfa801b97a029bdb71de84f057c
results/mujoco_residual_policy_rollouts.csv,53469,901c172cbc27e3a61a5a42b7652dd7777de46e4c4b2a63ca306a4b31ae6b2ba3
results/mujoco_residual_policy_trace_sample.jsonl,18935,0f90131c33adaf1544ef102ce4f4c07ccfb024924d910918387553c73f95946e
results/mujoco_residual_policy_weights.csv,3241,8ccb6bfa7c4ade2dae82ac3697a7539a06fb6626e23335eef1959fa0100369b3
results/neural_wam_eval.csv,1436,d3e4144a99ee469053922755e91fe8c6944787be657db164cb05e996df4e9ff6
results/neural_wam_rollouts.csv,1403159,560d7fabd9d90e87cc853184f22f22da429428afea57eb0b689f6644aca8d523
results/neural_wam_trace_sample.jsonl,19237,6ced34417c57cb2291e28c4e124f946f96314cce8259a9247fe17b8b3e125993
results/neural_wam_training_curve.csv,612,2c069d322746007006ebe7ee713da825fb994465a8ab74feb3ac63be00abc125
results/nominal_vs_robustness_radius.csv,1060,c68e0c239a7f9ab177fe8a7500c720c75956c948f0cdb42d14c1508345629189
results/oracle_feasibility.csv,8443,324ba2544dacb9130fea21bbffa4c17f75eeb1a606a69cc91892dd80803310ae
results/paper_source_audit.csv,2979,28748171f4b5c9241611b44ac64e00067ccfe955833af57d22547c3f7672f3d5
results/public_pretrained_checkpoint_benchmark.csv,8842,2552cdc8e7d4c85844f1a3bdfc6c6df3a5d07a59acccb66e49a536f5f11ab7d3
results/public_pretrained_checkpoint_delta.csv,520,6331c85921f3280efbdb1aa4c47f503d8a0df63b24c8fbedc66f5c96653f7cef
results/public_pretrained_checkpoint_rollouts.csv,10464,4e3824f0cb6a6647f73272b551918942aad57b5b3bb027057591d8dca8aa090c
results/public_pretrained_checkpoint_tuning.csv,875,d23f2ec3069479b3271b8d014376144e9e27a070aa7e6ad4c8d2e0b289bff87e
results/real_video_wam_readiness.csv,1166,d1f529da81b57137ea6d89431c779784e96a4cce9bfb07f48762e656d0f8dcc0
results/real_video_wam_results.csv,495,886a46680e5bb4aafa38ab195269e9df982e3fc9ba9b37754457e7005b9c3ccf
results/repair_axis_importance.csv,818,9cfa3728495ad37990eec6904e12ba6ef7de800a50a80347bf6015d0e7a8f613
results/repair_history.csv,7060,d835a2513e0cd4739bfb9ddeaf786cdae51662127eabd1ba8707d782887508f6
results/reset_reliability.csv,121,e44046b6335c2f5101f0587d2348b17b5fe4daaa5c9bb4fd76aff705c78c13ea
results/results_integrity_audit.csv,38231,b6600064458cff2758bc8fcce04442eeca1221626063f62c84d9a1a140f5dcdb
results/robustness_profiles.csv,13594,9a719a84a87dc787717beb03a3b6156a252ce9eae1a98f3fd7d0c204f24e607f
results/schema_validation_summary.json,184,68b6a5207eb0434ff3f3b6b624a367c1a0f6f227a5215d0c01252c919979c38e
results/secondary_metrics_by_method.csv,1697,f0639d6dd549e766296aee68303d27f4eb121cd626863d559cddcc0385880c75
results/self_trained_public_env_benchmark.csv,4849,5608cc9d3a85837afc8576915af331eb761699d8bffda4c7dfc3ae57d8e55f43
results/self_trained_public_env_bodybreak.csv,1059,021bd37b5ae77d7687fc2be15a9097c4eeb4cb109c3f3b272cb06d35ac7141dd
results/self_trained_public_env_budget.csv,315,aab9d1e735dd63f9dd62a3d733ac450fd75828f05690aa04fe68bb011a079594
results/self_trained_public_env_training_curve.csv,1554,4782760d9f2130ddbd7883f6c2dc86e2e6593b3185f95b19d0fde29d7d0ff57a
results/sim_env_availability.csv,261,bfb54d8d1b2683ec2729c249527eace6b4f8ec9a1f185c136b9b20f43d3b09df
results/simulation_rollout_videos.csv,1347,d5824151bdd92b38e6968ee129b573aadd18e09e1b2448da0b95803f52135ceb
results/source_import_audit.csv,29582,b8d42c7aee48962a7152273bde9225008bb348b4a6480629f4cbf009e9448d47
results/submission_ready_audit.csv,2384,a5e489b81a2a45a4d201976cfe3cdd76434ebd3d4ea0bdbc292cb2028d9099f6
results/summary_by_method_bucket.csv,4571,c52f3b2d4cca2631c140bbcd980f973e3e930e8206ffadf73efe5123ad7f46bb
results/task_suite_cards.csv,1962,3e224be3206ed1f1fcc2dda8b49716f35bd8b4df71b1c453a671df65e829fe68
results/threshold_sensitivity.csv,66232,921ed4926b64d247cc4bccd85779e826c51876cd4c4d9df07bd79132fabc2538
results/trajectory_wam_axis_weights.csv,2442,780c56abe2c93531ee9a577738b8a992081baeb0eb564ac7fd323548a3539dc3
results/trajectory_wam_eval.csv,1039,05e68304f4650f531443afc3b8e532ba0f9702c8617fd6b23caeb13fca83479d
results/trajectory_wam_rollouts.csv,5899222,4891522a5dc8c2f103c43f8795c4f66f304cb84e0de60db7260359678017b151
results/trajectory_wam_trace_sample.jsonl,139296,abf269c30614b8f2e76bd7357ec040ac3c92fb3242e51a7018c2760f65bcaefd
results/trials.csv,344431261,4a305b224e64f48ae92853058468d02a0b2ebfbad4c00642bc5d976d9f847e8e
results/trials.parquet,2128815,252f88539db23de02419b3d16af2aeec5e010d3d31ffff859d72a8a88f263a87
results/trials_sample.jsonl,2896430,d45afe400804119f22f45354fd43b9ca0e114e22cd30cf95869e48a256b9508e
results/verifier_calibration.csv,149,9c1078bfe6643a73981ac10e8163b26027d03fa9118df0fe80d351e38cc28e1e
results/videos/bodyshield_synthetic_bodybreak_failure.gif,71687,0f8f8249405ea72bcf66b7c3b97867e1e27a4dd3824d3373ae47fbbd6b60eca6
results/videos/bodyshield_synthetic_bodyshield_repair.gif,85823,506a8d39b612c5fafb4305e7786ccf41eb4d0ce17acf044b9c9244cb106b0bd0
results/videos/bodyshield_synthetic_nominal_reference.gif,57877,ef0ac84fe4678a5a8130563b71dd3c7a4536b76615f82e38a3c785277052fe10
results/visual_artifact_audit.csv,19709,e993b98502ca2dbd99a6808fa56630337de9711feb0f4b52b996a94d7133a7c5
results/visual_wam_eval.csv,1491,be6b9e48fb913e299a85fbcf61af17d2ac9c014de1619b467ee6b3f6c50096b5
results/visual_wam_feature_weights.csv,17950,7cfb80f0fd36d5f392e082eb35affc6ca283624342aa6f7310baa69eae92768d
results/visual_wam_rollouts.csv,1375581,51b127917417a1c1340b51fe245b35a4cea9b8cd6cc8dc6b5969d1ef1702a75f
results/visual_wam_trace_sample.jsonl,185877,f08cc3876513808f5727a5b941d09284faaeb6031695748eddffc874ce5a5edd
REVIEWER_ATTACK_CLOSURE_MATRIX.md,2223,6c7c8737e083cff5b9e8c1091dfadb6068b80c0efc38d29365ab5f7afe37a128
SAFE_ROBOT_API_SPEC.md,1736,1f2a8dd71b90119e77b31b413665553a7e19dbcc652b45c932bfd8e1b5481ec1
scripts/build_bodyshield_icra_paper.py,3216,167ac760d2a03d9c69f3631452a2cdb186f3fc98f693debc6557710c27d499cc
scripts/build_paper_targets.py,2847,a51b8cf125f600b51c8d9b8ba476d596804444527bebe91dec767fe2fc5a70f8
scripts/build_release_bundle.py,1236,18da324bbb9feaac3cda77e4cfeb1012b5191d3f8ac551e268d370cddb4c5210
scripts/finalize_maxout_artifacts.py,7647,31bd66877f511213920fcdc2c5cf0dd908c8806ab3f000c75e7013607c11251b
scripts/finalize_nonrejectable_artifacts.py,14460,65d39088d3f8969c5aeb611fe1f052998e3d8a7fb318d4b20b1775f16bec0177
scripts/finalize_v2_artifacts.py,40049,4fef89f09bf76f58246271cdef6be763edee32c74537ecd5746be54013fbf006
scripts/finalize_v3_artifacts.py,54062,77ce1b8dff5bd814b8050499f869372d3a6dd0e37ad16123de4c20f111878179
scripts/make_paper.sh,122,790cf8b830a4e8b1eb41c138c47471ba3ea2603a2b9fb926477e3529e1c3dd69
scripts/make_supplement.sh,76,45bac3ec1a81011b64046e7c676f5cb4939a403e6327febf20a27cecff8ad552
scripts/run_artifact_inventory_audit.py,1475,08f67c5535919b0ca230e0b3c120960ac7a40298d7c51d01402ba433e337e892
scripts/run_claim_boundary_audit.py,1410,8773fb3e08d5ec624373cbca9a85af10ab7be7ab5ddd8394b4fdb8dc5730b510
scripts/run_command_surface_audit.py,1417,a22df0dee17f05a0ed9cf9f94ca12368be0c91399a35c1f5089f684dc64df158
scripts/run_config_schema_audit.py,1427,03083b5d55686702fcf3e477e3aa873d486c3368dc473a6e85eb8c9984c4bbdb
scripts/run_corrective_trace_readiness.py,1399,44e5ba980ed612f86ec2cb6a83e85054f9da80d8d81e06f7272657813a24b7d4
scripts/run_derived_results_audit.py,1445,3e9be37a983a71ea1495d9da636ef5c248f643c97c6260b97017b69e5a11ff32
scripts/run_environment_dependency_audit.py,1575,6c6c154f1cc0f2fcae2a6098d17ef6d2ff436bada598ca4d17e7aa6e59fb5ecf
scripts/run_evidence_consistency_audit.py,1569,526dab1236380509ef59a88008b7cd561db3c415162847aae96b584f02460dc6
scripts/run_external_policy_benchmark.py,1561,029ec5cd2dfd6dfb6b95f58af483cde6e070717bd37a05acf157773e2601f9bc
scripts/run_hardware_phase0_safety.sh,128,0317bcd881a2205c4352c95bd062359734d0b966dd6aed318ebeb30893e57b58
scripts/run_hardware_phase1_supervised.sh,130,9a38112143d6d091732902ac795c285b6a374cd1ca51d1ca912007992e0b2ba3
scripts/run_hardware_phase2_batch.sh,168,5047bec443cd31d5500a5a81e0c83670324ae9c8e98ea877e75281407feca5ec
scripts/run_non_hardware.py,192651,bab5c4e4e252804800ad44e620df32d4251fa95864347774c46bd04a644506f3
scripts/run_nonhardware_all.sh,168,a3f0d6df29dfe1b97244d9d68267342555e3f9a55d9767e88dd75724294400a3
scripts/run_paper_source_audit.py,1414,48240df4ad5220d3012b41731778391156654eeb87f48d7c4513407a02d48214
scripts/run_portable_hygiene_audit.py,1465,3bccf71c67e0fcd059857588b70a1df70e6e15c2e668687ab1d9bf3e063335ee
scripts/run_public_checkpoint_benchmark.py,543,aff0dea0aa07b302e305e0d89dfe41b24eea154389543151671d9168eb697e1f
scripts/run_real_video_wam_readiness.py,1381,7d107e82547a5fca58e3b2ea46d83e978b6ed79a2f120b88063dca333023cffb
scripts/run_release_determinism_audit.py,1551,f65330390e798affeae76d8d84ede8844df8b62703eec64e1120152b0544b5e5
scripts/run_release_payload_audit.py,1564,259e098b5f0fbaef9c25a50e9170d2a7352685c1db00b782c8b5d400ea7abeb6
scripts/run_release_runtime_audit.py,1681,40d034a3417151b750681378c5bf2c41b31639297a2dc7e490cf572997be2dd0
scripts/run_results_integrity_audit.py,1412,7323f8cb4ac0bf35d1e1a6e126bc79f9cd47d8cecbf240ca558b2d42e0ef4278
scripts/run_self_trained_public_env_benchmark.py,557,f6fe62acf4feeee6cbc6266af2a11418f30fa7d420442f794a80ac3a314560d4
scripts/run_sim_maxout.sh,73,07c3d6c7c012a5c0badcdc7dfd18a47a3d775eb9fe5c3fc4d24eac9a113da35f
scripts/run_source_import_audit.py,1557,491708e0dce4f816e0825658eb30a2e7ebc52ac4e86e946ae5bf245b9d883189
scripts/run_visual_artifact_audit.py,1428,4f87b493af34b8f1c33b655aa61e70a85c2091af7e786bc85668161897aa0dd7
scripts/smoke_check.py,1421,08874098147121d8c4917af476e70340e22e1bf07599183950751b4a570a9ca4
scripts/verify_citations.py,1717,63ea6088b6a8417d0fae8af2781b268cff126962566b694861365db67556bbf9
scripts/verify_claims.py,984,e292c4061ed75fbbeddef7efe00e81cd132cc010347b4977c9458d6d1527fae9
scripts/verify_non_hardware_pack.py,1379,6e9da532f5f103132e480286c9127f5e124d0a315b7403d843cf5e15fabb0507
scripts/verify_release_payload.py,1507,e2c5f4dad3df6d0acb387f38dfc2abd7c2b600e6fbf3af431c07b5e240e24d2b
scripts/verify_reproducibility.py,740,dff5d45e1b407454c020e44355c9e279d256e605cd86ce59e5345e2b27cde3c0
SOURCE_NOTES_FOR_VERIFICATION.md,1455,8cddaa8dc3ed692b0b193e3042addc6c56b3079f61849c24438988bf9a3110bd
tables/.gitkeep,1,01ba4719c80b6fe911b091a7c05124b64eeece964e09c058ef8f9805daca546b
tables/oracle_feasibility.csv,8443,324ba2544dacb9130fea21bbffa4c17f75eeb1a606a69cc91892dd80803310ae
tables/sim_budget_matched_results.csv,6590,0b6a39a87bfab3d2548319da194be0b52e0f1a551c7facfdd423a1073b6db10d
tables/sim_heldout_results.csv,1795,467f14af62dacb159b5f5c01260a3dbb83ada9ba2335ebac0628544710bcb1f1
tables/sim_main_results.csv,4571,c52f3b2d4cca2631c140bbcd980f973e3e930e8206ffadf73efe5123ad7f46bb
tables/simulation_heldout_results.csv,1795,467f14af62dacb159b5f5c01260a3dbb83ada9ba2335ebac0628544710bcb1f1
tables/simulation_main_results.csv,4483,81f0ac0a5cd384553108c25b3a8a53076a6320030cb8a95d84026114f5dc1f62
tables/simulation_robustness_radius.csv,13516,76d13be73d5083719bab3465c46d22a941e6d01b015ffabf6386e71cc30b3a62
tables/statistical_tests.csv,6199,550362cdffd42b2c5cda328cc816531554de71fe16de2c01e2e07833c51e57a1
tasks.yaml,1944,6f86e5fc14147bb68b00a185ef0dbbcec2b3555d8b320c574f88a0b4dee58239
tests/test_bodybreak.py,450,454e44b37298e51fe07cbe2c50303dc299ab081dca793548d9eafeb0292e0613
tests/test_bodybreak_search.py,561,3fdacfc5822e9cea0930efb67ea5b5c6aa84e0a7eb482e4cfea9ba78dfe40c0b
tests/test_bodyshield.py,66299,75695467abb72bd44ac420b9cfa48940b87ca6b901f373aac73ff866724fed10
tests/test_bodyshield_repair.py,519,d409809a2b55e59d5501097286b530f206c2267d8752d5c0febb483daa493b32
tests/test_claim_ledger.py,460,b512d8caafc2101194320c681067d8d5f4779d3093776d1f78bfed174ed0c98e
tests/test_data_schema.py,208,8379153eba940a0596f64ba24f89ca4ea15f05f1565a15fdeb1da43d1b30f7de
tests/test_metrics.py,259,731177f36c36520b408ac74f0cc201a6426832696c72b1df1287a0f1f7c45d95
tests/test_no_raw_motor_commands.py,370,a844e22a91f0fdbabccb145a43999f2c9f4905d4ef94d2b502a680d04d272439
tests/test_perturbations.py,224,178c69f00f5a10706dea2cb7751924604c590212016bf9dfb6b714a03db526d7
tests/test_reproducibility_manifest.py,256,8787080c6a1ac5e3914ddb18551357c726a9a46d1e48c0af00407e2a76ad48fc
tests/test_robot_safety_gate.py,202,c09e18ec9282dd1797277f567a8168ebe641edfbdd36d68b13de3583aabe7292
tests/test_safe_api_contract.py,236,0a58225b8702ae85002dde44a36767bf3d8df52e267bc06bbe197a485cfe6485
tests/test_schema.py,427,4deb2906ea2f46e7a7008bc383027829ba7518dd3d6bbe1fe41c9279ad8c1f87
tests/test_verifier_logic.py,198,05ec0dc1d2baba739f34328053071b822d2d4d9e67c9734869f75dc89112d700
trial_schema.schema.json,5567,fa5ab2316292c26c0a41e11de5ac79f430936dc7d545c43bae3d8d039d20f032
videos/failure_recovery.md,926,73a13b6e5c778c70e3461044660dff85b203db7fb207f301253b2bc094bc9184
videos/hardware/index.md,228,3d8aadcf932ea0fdc85dfaafc71cd1b97a30eb63856c911e2b50dcb34b7fafd7
videos/hardware/README.md,228,3d8aadcf932ea0fdc85dfaafc71cd1b97a30eb63856c911e2b50dcb34b7fafd7
videos/heldout_physical_mods.md,926,73a13b6e5c778c70e3461044660dff85b203db7fb207f301253b2bc094bc9184
videos/index.md,926,73a13b6e5c778c70e3461044660dff85b203db7fb207f301253b2bc094bc9184
videos/oracle_feasibility.md,926,73a13b6e5c778c70e3461044660dff85b203db7fb207f301253b2bc094bc9184
videos/teaser_successes.md,926,73a13b6e5c778c70e3461044660dff85b203db7fb207f301253b2bc094bc9184
videos/video_index.md,926,73a13b6e5c778c70e3461044660dff85b203db7fb207f301253b2bc094bc9184
