document,reference,status,detail,matches
README_EXECUTION.md,reports/NON_HARDWARE_COMPLETE.md,ok,file exists and is nonempty,1
README_EXECUTION.md,reports/NON_HARDWARE_AUDIT.md,ok,file exists and is nonempty,1
README_EXECUTION.md,reports/NON_HARDWARE_REQUIREMENTS_TRACE.md,ok,file exists and is nonempty,1
README_EXECUTION.md,reports/BUDGET_AND_FAIRNESS_AUDIT.md,ok,file exists and is nonempty,1
README_EXECUTION.md,reports/BODYBREAK_MINIMALITY_AUDIT.md,ok,file exists and is nonempty,1
README_EXECUTION.md,reports/CLAIM_LEDGER.md,ok,file exists and is nonempty,1
README_EXECUTION.md,reports/REPRODUCIBILITY_MANIFEST.md,ok,file exists and is nonempty,1
README_EXECUTION.md,reports/RELEASE_BUNDLE.md,ok,file exists and is nonempty,1
README_EXECUTION.md,reports/ARTIFACT_INVENTORY_AUDIT.md,ok,file exists and is nonempty,1
README_EXECUTION.md,reports/CLAIM_BOUNDARY_AUDIT.md,ok,file exists and is nonempty,1
README_EXECUTION.md,reports/COMMAND_SURFACE_AUDIT.md,ok,file exists and is nonempty,1
README_EXECUTION.md,reports/EVIDENCE_CONSISTENCY_AUDIT.md,ok,file exists and is nonempty,1
README_EXECUTION.md,reports/ENVIRONMENT_DEPENDENCY_AUDIT.md,ok,file exists and is nonempty,1
README_EXECUTION.md,reports/CONFIG_SCHEMA_AUDIT.md,ok,file exists and is nonempty,1
README_EXECUTION.md,reports/DERIVED_RESULTS_AUDIT.md,ok,file exists and is nonempty,1
README_EXECUTION.md,reports/SOURCE_IMPORT_AUDIT.md,ok,file exists and is nonempty,1
README_EXECUTION.md,reports/RESULTS_INTEGRITY_AUDIT.md,ok,file exists and is nonempty,1
README_EXECUTION.md,reports/PAPER_SOURCE_AUDIT.md,ok,file exists and is nonempty,1
README_EXECUTION.md,reports/PORTABLE_HYGIENE_AUDIT.md,ok,file exists and is nonempty,1
README_EXECUTION.md,reports/VISUAL_ARTIFACT_AUDIT.md,ok,file exists and is nonempty,1
README_EXECUTION.md,reports/RELEASE_PAYLOAD_AUDIT.md,ok,file exists and is nonempty,1
README_EXECUTION.md,reports/RELEASE_DETERMINISM_AUDIT.md,ok,file exists and is nonempty,1
README_EXECUTION.md,reports/RELEASE_RUNTIME_AUDIT.md,ok,file exists and is nonempty,1
README_EXECUTION.md,reports/PACK_VERIFICATION.md,ok,file exists and is nonempty,1
README_EXECUTION.md,reports/METHOD_DELTA_TABLE.md,ok,file exists and is nonempty,1
README_EXECUTION.md,reports/LEARNED_OUTCOME_MODEL_INTERPRETATION.md,ok,file exists and is nonempty,1
README_EXECUTION.md,reports/VISUAL_WAM_INTERPRETATION.md,ok,file exists and is nonempty,1
README_EXECUTION.md,reports/SIMULATION_ROLLOUT_VIDEOS.md,ok,file exists and is nonempty,1
README_EXECUTION.md,reports/NEURAL_WAM_INTERPRETATION.md,ok,file exists and is nonempty,1
README_EXECUTION.md,reports/REAL_VIDEO_WAM_READINESS.md,ok,file exists and is nonempty,1
README_EXECUTION.md,reports/MUJOCO_RESIDUAL_POLICY_INTERPRETATION.md,ok,file exists and is nonempty,1
README_EXECUTION.md,reports/MUJOCO_RESIDUAL_POLICY_GATE_ABLATION_TABLE.md,ok,file exists and is nonempty,1
README_EXECUTION.md,reports/EXTERNAL_POLICY_BENCHMARK_READINESS.md,ok,file exists and is nonempty,1
README_EXECUTION.md,reports/TRAJECTORY_WAM_INTERPRETATION.md,ok,file exists and is nonempty,1
README_EXECUTION.md,reports/CORRECTIVE_ADAPTATION_INTERPRETATION.md,ok,file exists and is nonempty,1
README_EXECUTION.md,reports/CORRECTIVE_TRACE_READINESS.md,ok,file exists and is nonempty,1
README_EXECUTION.md,reports/MUJOCO_PLANAR_METHOD_SUMMARY_TABLE.md,ok,file exists and is nonempty,1
README_EXECUTION.md,reports/MUJOCO_PLANAR_PROBE_TABLE.md,ok,file exists and is nonempty,1
README_EXECUTION.md,results/trials.csv,ok,file exists and is nonempty,1
README_EXECUTION.md,results/bodybreak_minimality_audit.csv,ok,file exists and is nonempty,1
README_EXECUTION.md,results/visual_wam_rollouts.csv,ok,file exists and is nonempty,1
README_EXECUTION.md,results/simulation_rollout_videos.csv,ok,file exists and is nonempty,1
README_EXECUTION.md,results/neural_wam_rollouts.csv,ok,file exists and is nonempty,1
README_EXECUTION.md,results/real_video_wam_readiness.csv,ok,file exists and is nonempty,1
README_EXECUTION.md,results/mujoco_residual_policy_rollouts.csv,ok,file exists and is nonempty,1
README_EXECUTION.md,results/mujoco_residual_policy_gate_ablation.csv,ok,file exists and is nonempty,1
README_EXECUTION.md,results/external_policy_benchmark_readiness.csv,ok,file exists and is nonempty,1
README_EXECUTION.md,results/trajectory_wam_rollouts.csv,ok,file exists and is nonempty,1
README_EXECUTION.md,results/corrective_adaptation_rollouts.csv,ok,file exists and is nonempty,1
README_EXECUTION.md,results/corrective_trace_readiness.csv,ok,file exists and is nonempty,1
README_EXECUTION.md,results/artifact_inventory_audit.csv,ok,file exists and is nonempty,1
README_EXECUTION.md,results/claim_boundary_audit.csv,ok,file exists and is nonempty,1
README_EXECUTION.md,results/command_surface_audit.csv,ok,file exists and is nonempty,1
README_EXECUTION.md,results/config_schema_audit.csv,ok,file exists and is nonempty,1
README_EXECUTION.md,results/derived_results_audit.csv,ok,file exists and is nonempty,1
README_EXECUTION.md,results/source_import_audit.csv,ok,file exists and is nonempty,1
README_EXECUTION.md,results/results_integrity_audit.csv,ok,file exists and is nonempty,1
README_EXECUTION.md,results/paper_source_audit.csv,ok,file exists and is nonempty,1
README_EXECUTION.md,results/portable_hygiene_audit.csv,ok,file exists and is nonempty,1
README_EXECUTION.md,results/visual_artifact_audit.csv,ok,file exists and is nonempty,1
README_EXECUTION.md,results/release_payload_audit.csv,ok,file exists and is nonempty,1
README_EXECUTION.md,results/release_determinism_audit.csv,ok,file exists and is nonempty,1
README_EXECUTION.md,results/release_runtime_audit.csv,ok,file exists and is nonempty,1
README_EXECUTION.md,results/high_fidelity_benchmark.csv,ok,file exists and is nonempty,1
README_EXECUTION.md,results/videos/bodyshield_synthetic_*.gif,ok,glob matched 3 file(s),3
README_EXECUTION.md,release/bodyshield_non_hardware_release.zip,ok,file exists and is nonempty,1
README_EXECUTION.md,release/RELEASE_BUNDLE_MANIFEST.csv,ok,file exists and is nonempty,1
README_EXECUTION.md,release/RELEASE_BUNDLE_CHECKSUMS.txt,ok,file exists and is nonempty,1
README_EXECUTION.md,scripts/run_external_policy_benchmark.py,ok,file exists and is nonempty,1
README_EXECUTION.md,scripts/run_real_video_wam_readiness.py,ok,file exists and is nonempty,1
README_EXECUTION.md,scripts/run_corrective_trace_readiness.py,ok,file exists and is nonempty,1
README_EXECUTION.md,scripts/run_artifact_inventory_audit.py,ok,file exists and is nonempty,1
README_EXECUTION.md,scripts/run_claim_boundary_audit.py,ok,file exists and is nonempty,1
README_EXECUTION.md,scripts/run_command_surface_audit.py,ok,file exists and is nonempty,1
README_EXECUTION.md,scripts/run_config_schema_audit.py,ok,file exists and is nonempty,1
README_EXECUTION.md,scripts/run_derived_results_audit.py,ok,file exists and is nonempty,1
README_EXECUTION.md,scripts/run_environment_dependency_audit.py,ok,file exists and is nonempty,1
README_EXECUTION.md,scripts/run_results_integrity_audit.py,ok,file exists and is nonempty,1
README_EXECUTION.md,scripts/run_source_import_audit.py,ok,file exists and is nonempty,1
README_EXECUTION.md,scripts/run_paper_source_audit.py,ok,file exists and is nonempty,1
README_EXECUTION.md,scripts/run_portable_hygiene_audit.py,ok,file exists and is nonempty,1
README_EXECUTION.md,scripts/run_visual_artifact_audit.py,ok,file exists and is nonempty,1
README_EXECUTION.md,scripts/run_evidence_consistency_audit.py,ok,file exists and is nonempty,1
README_EXECUTION.md,scripts/build_release_bundle.py,ok,file exists and is nonempty,1
README_EXECUTION.md,scripts/run_release_payload_audit.py,ok,file exists and is nonempty,1
README_EXECUTION.md,scripts/run_release_determinism_audit.py,ok,file exists and is nonempty,1
README_EXECUTION.md,scripts/run_release_runtime_audit.py,ok,file exists and is nonempty,1
README_EXECUTION.md,scripts/run_non_hardware.py,ok,file exists and is nonempty,1
README_EXECUTION.md,scripts/verify_non_hardware_pack.py,ok,file exists and is nonempty,1
README_EXECUTION.md,scripts/verify_release_payload.py,ok,file exists and is nonempty,1
reports/CLAIM_LEDGER.md,results/nominal_vs_robustness_radius.csv,ok,file exists and is nonempty,1
reports/CLAIM_LEDGER.md,results/breaking_search.csv,ok,file exists and is nonempty,1
reports/CLAIM_LEDGER.md,results/bodybreak_minimality_audit.csv,ok,file exists and is nonempty,1
reports/CLAIM_LEDGER.md,reports/SEARCH_COMPARISON_TABLE.md,ok,file exists and is nonempty,1
reports/CLAIM_LEDGER.md,reports/BODYBREAK_MINIMALITY_AUDIT.md,ok,file exists and is nonempty,1
reports/CLAIM_LEDGER.md,results/summary_by_method_bucket.csv,ok,file exists and is nonempty,1
reports/CLAIM_LEDGER.md,results/learned_outcome_model_eval.csv,ok,file exists and is nonempty,1
reports/CLAIM_LEDGER.md,reports/LEARNED_OUTCOME_MODEL_INTERPRETATION.md,ok,file exists and is nonempty,1
reports/CLAIM_LEDGER.md,results/visual_wam_eval.csv,ok,file exists and is nonempty,1
reports/CLAIM_LEDGER.md,results/visual_wam_rollouts.csv,ok,file exists and is nonempty,1
reports/CLAIM_LEDGER.md,reports/VISUAL_WAM_INTERPRETATION.md,ok,file exists and is nonempty,1
reports/CLAIM_LEDGER.md,results/videos/bodyshield_synthetic_*.gif,ok,glob matched 3 file(s),3
reports/CLAIM_LEDGER.md,results/simulation_rollout_videos.csv,ok,file exists and is nonempty,1
reports/CLAIM_LEDGER.md,reports/SIMULATION_ROLLOUT_VIDEOS.md,ok,file exists and is nonempty,1
reports/CLAIM_LEDGER.md,results/neural_wam_eval.csv,ok,file exists and is nonempty,1
reports/CLAIM_LEDGER.md,results/neural_wam_rollouts.csv,ok,file exists and is nonempty,1
reports/CLAIM_LEDGER.md,results/neural_wam_training_curve.csv,ok,file exists and is nonempty,1
reports/CLAIM_LEDGER.md,reports/NEURAL_WAM_INTERPRETATION.md,ok,file exists and is nonempty,1
reports/CLAIM_LEDGER.md,configs/real_video_wam_readiness.example.json,ok,file exists and is nonempty,1
reports/CLAIM_LEDGER.md,results/real_video_wam_readiness.csv,ok,file exists and is nonempty,1
reports/CLAIM_LEDGER.md,reports/REAL_VIDEO_WAM_READINESS.md,ok,file exists and is nonempty,1
reports/CLAIM_LEDGER.md,results/mujoco_residual_policy_eval.csv,ok,file exists and is nonempty,1
reports/CLAIM_LEDGER.md,results/mujoco_residual_policy_rollouts.csv,ok,file exists and is nonempty,1
reports/CLAIM_LEDGER.md,results/mujoco_residual_policy_gate_ablation.csv,ok,file exists and is nonempty,1
reports/CLAIM_LEDGER.md,reports/MUJOCO_RESIDUAL_POLICY_INTERPRETATION.md,ok,file exists and is nonempty,1
reports/CLAIM_LEDGER.md,reports/MUJOCO_RESIDUAL_POLICY_GATE_ABLATION_TABLE.md,ok,file exists and is nonempty,1
reports/CLAIM_LEDGER.md,results/trajectory_wam_eval.csv,ok,file exists and is nonempty,1
reports/CLAIM_LEDGER.md,results/trajectory_wam_rollouts.csv,ok,file exists and is nonempty,1
reports/CLAIM_LEDGER.md,reports/TRAJECTORY_WAM_INTERPRETATION.md,ok,file exists and is nonempty,1
reports/CLAIM_LEDGER.md,results/corrective_adaptation_eval.csv,ok,file exists and is nonempty,1
reports/CLAIM_LEDGER.md,results/corrective_adaptation_rollouts.csv,ok,file exists and is nonempty,1
reports/CLAIM_LEDGER.md,reports/CORRECTIVE_ADAPTATION_INTERPRETATION.md,ok,file exists and is nonempty,1
reports/CLAIM_LEDGER.md,configs/corrective_trace_readiness.example.json,ok,file exists and is nonempty,1
reports/CLAIM_LEDGER.md,results/corrective_trace_readiness.csv,ok,file exists and is nonempty,1
reports/CLAIM_LEDGER.md,reports/CORRECTIVE_TRACE_READINESS.md,ok,file exists and is nonempty,1
reports/CLAIM_LEDGER.md,results/high_fidelity_benchmark.csv,ok,file exists and is nonempty,1
reports/CLAIM_LEDGER.md,configs/external_policy_benchmark.example.json,ok,file exists and is nonempty,1
reports/CLAIM_LEDGER.md,results/external_policy_benchmark_readiness.csv,ok,file exists and is nonempty,1
reports/CLAIM_LEDGER.md,reports/EXTERNAL_POLICY_BENCHMARK_READINESS.md,ok,file exists and is nonempty,1
reports/CLAIM_LEDGER.md,results/oracle_feasibility.csv,ok,file exists and is nonempty,1
reports/CLAIM_LEDGER.md,results/secondary_metrics_by_method.csv,ok,file exists and is nonempty,1
reports/CLAIM_LEDGER.md,reports/ARTIFACT_MANIFEST.csv,ok,file exists and is nonempty,1
reports/CLAIM_LEDGER.md,release/bodyshield_non_hardware_release.zip,ok,file exists and is nonempty,1
reports/CLAIM_LEDGER.md,release/RELEASE_BUNDLE_MANIFEST.csv,ok,file exists and is nonempty,1
reports/CLAIM_LEDGER.md,release/RELEASE_BUNDLE_CHECKSUMS.txt,ok,file exists and is nonempty,1
reports/CLAIM_LEDGER.md,scripts/verify_release_payload.py,ok,file exists and is nonempty,1
reports/CLAIM_LEDGER.md,scripts/run_release_payload_audit.py,ok,file exists and is nonempty,1
reports/CLAIM_LEDGER.md,scripts/run_release_determinism_audit.py,ok,file exists and is nonempty,1
reports/CLAIM_LEDGER.md,scripts/run_release_runtime_audit.py,ok,file exists and is nonempty,1
reports/CLAIM_LEDGER.md,scripts/run_portable_hygiene_audit.py,ok,file exists and is nonempty,1
reports/CLAIM_LEDGER.md,scripts/run_artifact_inventory_audit.py,ok,file exists and is nonempty,1
reports/CLAIM_LEDGER.md,scripts/run_derived_results_audit.py,ok,file exists and is nonempty,1
reports/CLAIM_LEDGER.md,scripts/run_config_schema_audit.py,ok,file exists and is nonempty,1
reports/CLAIM_LEDGER.md,scripts/run_source_import_audit.py,ok,file exists and is nonempty,1
reports/CLAIM_LEDGER.md,scripts/run_paper_source_audit.py,ok,file exists and is nonempty,1
reports/CLAIM_LEDGER.md,results/release_payload_audit.csv,ok,file exists and is nonempty,1
reports/CLAIM_LEDGER.md,results/release_determinism_audit.csv,ok,file exists and is nonempty,1
reports/CLAIM_LEDGER.md,results/release_runtime_audit.csv,ok,file exists and is nonempty,1
reports/CLAIM_LEDGER.md,results/portable_hygiene_audit.csv,ok,file exists and is nonempty,1
reports/CLAIM_LEDGER.md,results/artifact_inventory_audit.csv,ok,file exists and is nonempty,1
reports/CLAIM_LEDGER.md,results/derived_results_audit.csv,ok,file exists and is nonempty,1
reports/CLAIM_LEDGER.md,results/evidence_consistency_audit.csv,ok,file exists and is nonempty,1
reports/CLAIM_LEDGER.md,results/environment_dependency_audit.csv,ok,file exists and is nonempty,1
reports/CLAIM_LEDGER.md,results/environment_snapshot.json,ok,file exists and is nonempty,1
reports/CLAIM_LEDGER.md,results/config_schema_audit.csv,ok,file exists and is nonempty,1
reports/CLAIM_LEDGER.md,results/source_import_audit.csv,ok,file exists and is nonempty,1
reports/CLAIM_LEDGER.md,results/results_integrity_audit.csv,ok,file exists and is nonempty,1
reports/CLAIM_LEDGER.md,results/paper_source_audit.csv,ok,file exists and is nonempty,1
reports/CLAIM_LEDGER.md,results/claim_boundary_audit.csv,ok,file exists and is nonempty,1
reports/CLAIM_LEDGER.md,results/command_surface_audit.csv,ok,file exists and is nonempty,1
reports/CLAIM_LEDGER.md,results/visual_artifact_audit.csv,ok,file exists and is nonempty,1
reports/CLAIM_LEDGER.md,reports/RELEASE_PAYLOAD_AUDIT.md,ok,file exists and is nonempty,1
reports/CLAIM_LEDGER.md,reports/RELEASE_DETERMINISM_AUDIT.md,ok,file exists and is nonempty,1
reports/CLAIM_LEDGER.md,reports/RELEASE_RUNTIME_AUDIT.md,ok,file exists and is nonempty,1
reports/CLAIM_LEDGER.md,reports/PORTABLE_HYGIENE_AUDIT.md,ok,file exists and is nonempty,1
reports/CLAIM_LEDGER.md,reports/ARTIFACT_INVENTORY_AUDIT.md,ok,file exists and is nonempty,1
reports/CLAIM_LEDGER.md,reports/DERIVED_RESULTS_AUDIT.md,ok,file exists and is nonempty,1
reports/CLAIM_LEDGER.md,reports/EVIDENCE_CONSISTENCY_AUDIT.md,ok,file exists and is nonempty,1
reports/CLAIM_LEDGER.md,reports/ENVIRONMENT_DEPENDENCY_AUDIT.md,ok,file exists and is nonempty,1
reports/CLAIM_LEDGER.md,reports/CONFIG_SCHEMA_AUDIT.md,ok,file exists and is nonempty,1
reports/CLAIM_LEDGER.md,reports/SOURCE_IMPORT_AUDIT.md,ok,file exists and is nonempty,1
reports/CLAIM_LEDGER.md,reports/RESULTS_INTEGRITY_AUDIT.md,ok,file exists and is nonempty,1
reports/CLAIM_LEDGER.md,reports/PAPER_SOURCE_AUDIT.md,ok,file exists and is nonempty,1
reports/CLAIM_LEDGER.md,reports/CLAIM_BOUNDARY_AUDIT.md,ok,file exists and is nonempty,1
reports/CLAIM_LEDGER.md,reports/COMMAND_SURFACE_AUDIT.md,ok,file exists and is nonempty,1
reports/CLAIM_LEDGER.md,reports/VISUAL_ARTIFACT_AUDIT.md,ok,file exists and is nonempty,1
reports/CLAIM_LEDGER.md,reports/RELEASE_BUNDLE.md,ok,file exists and is nonempty,1
reports/CLAIM_LEDGER.md,reports/PACK_VERIFICATION.md,ok,file exists and is nonempty,1
reports/CLAIM_LEDGER.md,results/trials.parquet,ok,file exists and is nonempty,1
reports/NON_HARDWARE_REQUIREMENTS_TRACE.md,bodyshield/bodybreak_search.py,ok,file exists and is nonempty,1
reports/NON_HARDWARE_REQUIREMENTS_TRACE.md,results/breaking_search.csv,ok,file exists and is nonempty,1
reports/NON_HARDWARE_REQUIREMENTS_TRACE.md,results/bodybreak_minimality_audit.csv,ok,file exists and is nonempty,1
reports/NON_HARDWARE_REQUIREMENTS_TRACE.md,reports/SEARCH_COMPARISON_TABLE.md,ok,file exists and is nonempty,1
reports/NON_HARDWARE_REQUIREMENTS_TRACE.md,reports/BODYBREAK_MINIMALITY_AUDIT.md,ok,file exists and is nonempty,1
reports/NON_HARDWARE_REQUIREMENTS_TRACE.md,bodyshield/bodyshield_repair.py,ok,file exists and is nonempty,1
reports/NON_HARDWARE_REQUIREMENTS_TRACE.md,results/repair_history.csv,ok,file exists and is nonempty,1
reports/NON_HARDWARE_REQUIREMENTS_TRACE.md,reports/METHOD_DELTA_TABLE.md,ok,file exists and is nonempty,1
reports/NON_HARDWARE_REQUIREMENTS_TRACE.md,bodyshield/corrective_adaptation.py,ok,file exists and is nonempty,1
reports/NON_HARDWARE_REQUIREMENTS_TRACE.md,results/corrective_adaptation_eval.csv,ok,file exists and is nonempty,1
reports/NON_HARDWARE_REQUIREMENTS_TRACE.md,results/corrective_adaptation_rollouts.csv,ok,file exists and is nonempty,1
reports/NON_HARDWARE_REQUIREMENTS_TRACE.md,results/corrective_adaptation_trace_sample.jsonl,ok,file exists and is nonempty,1
reports/NON_HARDWARE_REQUIREMENTS_TRACE.md,reports/CORRECTIVE_ADAPTATION_INTERPRETATION.md,ok,file exists and is nonempty,1
reports/NON_HARDWARE_REQUIREMENTS_TRACE.md,bodyshield/corrective_trace_readiness.py,ok,file exists and is nonempty,1
reports/NON_HARDWARE_REQUIREMENTS_TRACE.md,configs/corrective_trace_readiness.example.json,ok,file exists and is nonempty,1
reports/NON_HARDWARE_REQUIREMENTS_TRACE.md,scripts/run_corrective_trace_readiness.py,ok,file exists and is nonempty,1
reports/NON_HARDWARE_REQUIREMENTS_TRACE.md,results/corrective_trace_readiness.csv,ok,file exists and is nonempty,1
reports/NON_HARDWARE_REQUIREMENTS_TRACE.md,reports/CORRECTIVE_TRACE_READINESS.md,ok,file exists and is nonempty,1
reports/NON_HARDWARE_REQUIREMENTS_TRACE.md,bodyshield/external_policy_benchmark.py,ok,file exists and is nonempty,1
reports/NON_HARDWARE_REQUIREMENTS_TRACE.md,configs/external_policy_benchmark.example.json,ok,file exists and is nonempty,1
reports/NON_HARDWARE_REQUIREMENTS_TRACE.md,scripts/run_external_policy_benchmark.py,ok,file exists and is nonempty,1
reports/NON_HARDWARE_REQUIREMENTS_TRACE.md,results/external_policy_benchmark_readiness.csv,ok,file exists and is nonempty,1
reports/NON_HARDWARE_REQUIREMENTS_TRACE.md,reports/EXTERNAL_POLICY_BENCHMARK_READINESS.md,ok,file exists and is nonempty,1
reports/NON_HARDWARE_REQUIREMENTS_TRACE.md,bodyshield/high_fidelity_learning.py,ok,file exists and is nonempty,1
reports/NON_HARDWARE_REQUIREMENTS_TRACE.md,results/mujoco_residual_policy_eval.csv,ok,file exists and is nonempty,1
reports/NON_HARDWARE_REQUIREMENTS_TRACE.md,results/mujoco_residual_policy_rollouts.csv,ok,file exists and is nonempty,1
reports/NON_HARDWARE_REQUIREMENTS_TRACE.md,results/mujoco_residual_policy_gate_ablation.csv,ok,file exists and is nonempty,1
reports/NON_HARDWARE_REQUIREMENTS_TRACE.md,results/mujoco_residual_policy_trace_sample.jsonl,ok,file exists and is nonempty,1
reports/NON_HARDWARE_REQUIREMENTS_TRACE.md,reports/MUJOCO_RESIDUAL_POLICY_INTERPRETATION.md,ok,file exists and is nonempty,1
reports/NON_HARDWARE_REQUIREMENTS_TRACE.md,reports/MUJOCO_RESIDUAL_POLICY_GATE_ABLATION_TABLE.md,ok,file exists and is nonempty,1
reports/NON_HARDWARE_REQUIREMENTS_TRACE.md,bodyshield/learned_outcome_model.py,ok,file exists and is nonempty,1
reports/NON_HARDWARE_REQUIREMENTS_TRACE.md,results/learned_outcome_model_eval.csv,ok,file exists and is nonempty,1
reports/NON_HARDWARE_REQUIREMENTS_TRACE.md,reports/LEARNED_OUTCOME_MODEL_INTERPRETATION.md,ok,file exists and is nonempty,1
reports/NON_HARDWARE_REQUIREMENTS_TRACE.md,bodyshield/trajectory_wam.py,ok,file exists and is nonempty,1
reports/NON_HARDWARE_REQUIREMENTS_TRACE.md,results/trajectory_wam_eval.csv,ok,file exists and is nonempty,1
reports/NON_HARDWARE_REQUIREMENTS_TRACE.md,results/trajectory_wam_rollouts.csv,ok,file exists and is nonempty,1
reports/NON_HARDWARE_REQUIREMENTS_TRACE.md,results/trajectory_wam_trace_sample.jsonl,ok,file exists and is nonempty,1
reports/NON_HARDWARE_REQUIREMENTS_TRACE.md,reports/TRAJECTORY_WAM_INTERPRETATION.md,ok,file exists and is nonempty,1
reports/NON_HARDWARE_REQUIREMENTS_TRACE.md,bodyshield/visual_wam.py,ok,file exists and is nonempty,1
reports/NON_HARDWARE_REQUIREMENTS_TRACE.md,results/visual_wam_eval.csv,ok,file exists and is nonempty,1
reports/NON_HARDWARE_REQUIREMENTS_TRACE.md,results/visual_wam_rollouts.csv,ok,file exists and is nonempty,1
reports/NON_HARDWARE_REQUIREMENTS_TRACE.md,results/visual_wam_trace_sample.jsonl,ok,file exists and is nonempty,1
reports/NON_HARDWARE_REQUIREMENTS_TRACE.md,reports/VISUAL_WAM_INTERPRETATION.md,ok,file exists and is nonempty,1
reports/NON_HARDWARE_REQUIREMENTS_TRACE.md,bodyshield/real_video_wam_readiness.py,ok,file exists and is nonempty,1
reports/NON_HARDWARE_REQUIREMENTS_TRACE.md,configs/real_video_wam_readiness.example.json,ok,file exists and is nonempty,1
reports/NON_HARDWARE_REQUIREMENTS_TRACE.md,scripts/run_real_video_wam_readiness.py,ok,file exists and is nonempty,1
reports/NON_HARDWARE_REQUIREMENTS_TRACE.md,results/real_video_wam_readiness.csv,ok,file exists and is nonempty,1
reports/NON_HARDWARE_REQUIREMENTS_TRACE.md,reports/REAL_VIDEO_WAM_READINESS.md,ok,file exists and is nonempty,1
reports/NON_HARDWARE_REQUIREMENTS_TRACE.md,bodyshield/sim_videos.py,ok,file exists and is nonempty,1
reports/NON_HARDWARE_REQUIREMENTS_TRACE.md,results/videos/bodyshield_synthetic_*.gif,ok,glob matched 3 file(s),3
reports/NON_HARDWARE_REQUIREMENTS_TRACE.md,results/simulation_rollout_videos.csv,ok,file exists and is nonempty,1
reports/NON_HARDWARE_REQUIREMENTS_TRACE.md,reports/SIMULATION_ROLLOUT_VIDEOS.md,ok,file exists and is nonempty,1
reports/NON_HARDWARE_REQUIREMENTS_TRACE.md,bodyshield/neural_wam.py,ok,file exists and is nonempty,1
reports/NON_HARDWARE_REQUIREMENTS_TRACE.md,results/neural_wam_eval.csv,ok,file exists and is nonempty,1
reports/NON_HARDWARE_REQUIREMENTS_TRACE.md,results/neural_wam_rollouts.csv,ok,file exists and is nonempty,1
reports/NON_HARDWARE_REQUIREMENTS_TRACE.md,results/neural_wam_training_curve.csv,ok,file exists and is nonempty,1
reports/NON_HARDWARE_REQUIREMENTS_TRACE.md,reports/NEURAL_WAM_INTERPRETATION.md,ok,file exists and is nonempty,1
reports/NON_HARDWARE_REQUIREMENTS_TRACE.md,results/summary_by_method_bucket.csv,ok,file exists and is nonempty,1
reports/NON_HARDWARE_REQUIREMENTS_TRACE.md,results/trials.csv,ok,file exists and is nonempty,1
reports/NON_HARDWARE_REQUIREMENTS_TRACE.md,results/oracle_feasibility.csv,ok,file exists and is nonempty,1
reports/NON_HARDWARE_REQUIREMENTS_TRACE.md,reports/ORACLE_FEASIBILITY_TABLE.md,ok,file exists and is nonempty,1
reports/NON_HARDWARE_REQUIREMENTS_TRACE.md,paper/bodyshield_non_hardware_draft.pdf,ok,file exists and is nonempty,1
reports/NON_HARDWARE_REQUIREMENTS_TRACE.md,reports/CLAIM_LEDGER.md,ok,file exists and is nonempty,1
reports/NON_HARDWARE_REQUIREMENTS_TRACE.md,reports/PREBUTTAL.md,ok,file exists and is nonempty,1
reports/NON_HARDWARE_REQUIREMENTS_TRACE.md,reports/PAPER_REVIEWER_RISK_AUDIT.md,ok,file exists and is nonempty,1
reports/NON_HARDWARE_REQUIREMENTS_TRACE.md,bodyshield/paper_source_audit.py,ok,file exists and is nonempty,1
reports/NON_HARDWARE_REQUIREMENTS_TRACE.md,scripts/run_paper_source_audit.py,ok,file exists and is nonempty,1
reports/NON_HARDWARE_REQUIREMENTS_TRACE.md,results/paper_source_audit.csv,ok,file exists and is nonempty,1
reports/NON_HARDWARE_REQUIREMENTS_TRACE.md,reports/PAPER_SOURCE_AUDIT.md,ok,file exists and is nonempty,1
reports/NON_HARDWARE_REQUIREMENTS_TRACE.md,paper/main.tex,ok,file exists and is nonempty,1
reports/NON_HARDWARE_REQUIREMENTS_TRACE.md,paper/references.bib,ok,file exists and is nonempty,1
reports/NON_HARDWARE_REQUIREMENTS_TRACE.md,bodyshield/portable_hygiene_audit.py,ok,file exists and is nonempty,1
reports/NON_HARDWARE_REQUIREMENTS_TRACE.md,scripts/run_portable_hygiene_audit.py,ok,file exists and is nonempty,1
reports/NON_HARDWARE_REQUIREMENTS_TRACE.md,results/portable_hygiene_audit.csv,ok,file exists and is nonempty,1
reports/NON_HARDWARE_REQUIREMENTS_TRACE.md,reports/PORTABLE_HYGIENE_AUDIT.md,ok,file exists and is nonempty,1
reports/NON_HARDWARE_REQUIREMENTS_TRACE.md,release/bodyshield_non_hardware_release.zip,ok,file exists and is nonempty,1
reports/NON_HARDWARE_REQUIREMENTS_TRACE.md,release/RELEASE_BUNDLE_MANIFEST.csv,ok,file exists and is nonempty,1
reports/NON_HARDWARE_REQUIREMENTS_TRACE.md,bodyshield/release_bundle.py,ok,file exists and is nonempty,1
reports/NON_HARDWARE_REQUIREMENTS_TRACE.md,bodyshield/release_payload_audit.py,ok,file exists and is nonempty,1
reports/NON_HARDWARE_REQUIREMENTS_TRACE.md,bodyshield/release_determinism_audit.py,ok,file exists and is nonempty,1
reports/NON_HARDWARE_REQUIREMENTS_TRACE.md,bodyshield/release_runtime_audit.py,ok,file exists and is nonempty,1
reports/NON_HARDWARE_REQUIREMENTS_TRACE.md,scripts/build_release_bundle.py,ok,file exists and is nonempty,1
reports/NON_HARDWARE_REQUIREMENTS_TRACE.md,scripts/verify_release_payload.py,ok,file exists and is nonempty,1
reports/NON_HARDWARE_REQUIREMENTS_TRACE.md,scripts/run_release_payload_audit.py,ok,file exists and is nonempty,1
reports/NON_HARDWARE_REQUIREMENTS_TRACE.md,scripts/run_release_determinism_audit.py,ok,file exists and is nonempty,1
reports/NON_HARDWARE_REQUIREMENTS_TRACE.md,scripts/run_release_runtime_audit.py,ok,file exists and is nonempty,1
reports/NON_HARDWARE_REQUIREMENTS_TRACE.md,release/RELEASE_BUNDLE_CHECKSUMS.txt,ok,file exists and is nonempty,1
reports/NON_HARDWARE_REQUIREMENTS_TRACE.md,results/release_payload_audit.csv,ok,file exists and is nonempty,1
reports/NON_HARDWARE_REQUIREMENTS_TRACE.md,results/release_determinism_audit.csv,ok,file exists and is nonempty,1
reports/NON_HARDWARE_REQUIREMENTS_TRACE.md,results/release_runtime_audit.csv,ok,file exists and is nonempty,1
reports/NON_HARDWARE_REQUIREMENTS_TRACE.md,reports/RELEASE_BUNDLE.md,ok,file exists and is nonempty,1
reports/NON_HARDWARE_REQUIREMENTS_TRACE.md,reports/RELEASE_PAYLOAD_AUDIT.md,ok,file exists and is nonempty,1
reports/NON_HARDWARE_REQUIREMENTS_TRACE.md,reports/RELEASE_DETERMINISM_AUDIT.md,ok,file exists and is nonempty,1
reports/NON_HARDWARE_REQUIREMENTS_TRACE.md,reports/RELEASE_RUNTIME_AUDIT.md,ok,file exists and is nonempty,1
reports/NON_HARDWARE_REQUIREMENTS_TRACE.md,bodyshield/evidence_consistency.py,ok,file exists and is nonempty,1
reports/NON_HARDWARE_REQUIREMENTS_TRACE.md,scripts/run_evidence_consistency_audit.py,ok,file exists and is nonempty,1
reports/NON_HARDWARE_REQUIREMENTS_TRACE.md,results/evidence_consistency_audit.csv,ok,file exists and is nonempty,1
reports/NON_HARDWARE_REQUIREMENTS_TRACE.md,reports/EVIDENCE_CONSISTENCY_AUDIT.md,ok,file exists and is nonempty,1
reports/NON_HARDWARE_REQUIREMENTS_TRACE.md,bodyshield/environment_audit.py,ok,file exists and is nonempty,1
reports/NON_HARDWARE_REQUIREMENTS_TRACE.md,scripts/run_environment_dependency_audit.py,ok,file exists and is nonempty,1
reports/NON_HARDWARE_REQUIREMENTS_TRACE.md,results/environment_dependency_audit.csv,ok,file exists and is nonempty,1
reports/NON_HARDWARE_REQUIREMENTS_TRACE.md,results/environment_snapshot.json,ok,file exists and is nonempty,1
reports/NON_HARDWARE_REQUIREMENTS_TRACE.md,reports/ENVIRONMENT_DEPENDENCY_AUDIT.md,ok,file exists and is nonempty,1
reports/NON_HARDWARE_REQUIREMENTS_TRACE.md,pyproject.toml,ok,file exists and is nonempty,1
reports/NON_HARDWARE_REQUIREMENTS_TRACE.md,bodyshield/config_schema_audit.py,ok,file exists and is nonempty,1
reports/NON_HARDWARE_REQUIREMENTS_TRACE.md,scripts/run_config_schema_audit.py,ok,file exists and is nonempty,1
reports/NON_HARDWARE_REQUIREMENTS_TRACE.md,results/config_schema_audit.csv,ok,file exists and is nonempty,1
reports/NON_HARDWARE_REQUIREMENTS_TRACE.md,reports/CONFIG_SCHEMA_AUDIT.md,ok,file exists and is nonempty,1
reports/NON_HARDWARE_REQUIREMENTS_TRACE.md,data_schema.json,ok,file exists and is nonempty,1
reports/NON_HARDWARE_REQUIREMENTS_TRACE.md,trial_schema.schema.json,ok,file exists and is nonempty,1
reports/NON_HARDWARE_REQUIREMENTS_TRACE.md,tasks.yaml,ok,file exists and is nonempty,1
reports/NON_HARDWARE_REQUIREMENTS_TRACE.md,configs/*.json,ok,glob matched 3 file(s),3
reports/NON_HARDWARE_REQUIREMENTS_TRACE.md,configs/*.yaml,ok,glob matched 3 file(s),3
reports/NON_HARDWARE_REQUIREMENTS_TRACE.md,bodyshield/source_import_audit.py,ok,file exists and is nonempty,1
reports/NON_HARDWARE_REQUIREMENTS_TRACE.md,scripts/run_source_import_audit.py,ok,file exists and is nonempty,1
reports/NON_HARDWARE_REQUIREMENTS_TRACE.md,results/source_import_audit.csv,ok,file exists and is nonempty,1
reports/NON_HARDWARE_REQUIREMENTS_TRACE.md,reports/SOURCE_IMPORT_AUDIT.md,ok,file exists and is nonempty,1
reports/NON_HARDWARE_REQUIREMENTS_TRACE.md,bodyshield/robot/*.py,ok,glob matched 4 file(s),4
reports/NON_HARDWARE_REQUIREMENTS_TRACE.md,bodyshield/safe_robot_runner.py,ok,file exists and is nonempty,1
reports/NON_HARDWARE_REQUIREMENTS_TRACE.md,bodyshield/artifact_inventory_audit.py,ok,file exists and is nonempty,1
reports/NON_HARDWARE_REQUIREMENTS_TRACE.md,scripts/run_artifact_inventory_audit.py,ok,file exists and is nonempty,1
reports/NON_HARDWARE_REQUIREMENTS_TRACE.md,results/artifact_inventory_audit.csv,ok,file exists and is nonempty,1
reports/NON_HARDWARE_REQUIREMENTS_TRACE.md,reports/ARTIFACT_INVENTORY_AUDIT.md,ok,file exists and is nonempty,1
reports/NON_HARDWARE_REQUIREMENTS_TRACE.md,reports/ARTIFACT_MANIFEST.csv,ok,file exists and is nonempty,1
reports/NON_HARDWARE_REQUIREMENTS_TRACE.md,README_EXECUTION.md,ok,file exists and is nonempty,1
reports/NON_HARDWARE_REQUIREMENTS_TRACE.md,reports/REPRODUCIBILITY_MANIFEST.md,ok,file exists and is nonempty,1
reports/NON_HARDWARE_REQUIREMENTS_TRACE.md,reports/NON_HARDWARE_COMPLETE.md,ok,file exists and is nonempty,1
reports/NON_HARDWARE_REQUIREMENTS_TRACE.md,bodyshield/derived_results_audit.py,ok,file exists and is nonempty,1
reports/NON_HARDWARE_REQUIREMENTS_TRACE.md,scripts/run_derived_results_audit.py,ok,file exists and is nonempty,1
reports/NON_HARDWARE_REQUIREMENTS_TRACE.md,results/derived_results_audit.csv,ok,file exists and is nonempty,1
reports/NON_HARDWARE_REQUIREMENTS_TRACE.md,reports/DERIVED_RESULTS_AUDIT.md,ok,file exists and is nonempty,1
reports/NON_HARDWARE_REQUIREMENTS_TRACE.md,results/robustness_profiles.csv,ok,file exists and is nonempty,1
reports/NON_HARDWARE_REQUIREMENTS_TRACE.md,results/secondary_metrics_by_method.csv,ok,file exists and is nonempty,1
reports/NON_HARDWARE_REQUIREMENTS_TRACE.md,results/failure_taxonomy_counts.csv,ok,file exists and is nonempty,1
reports/NON_HARDWARE_REQUIREMENTS_TRACE.md,results/method_deltas_vs_bodyshield.csv,ok,file exists and is nonempty,1
reports/NON_HARDWARE_REQUIREMENTS_TRACE.md,bodyshield/results_integrity.py,ok,file exists and is nonempty,1
reports/NON_HARDWARE_REQUIREMENTS_TRACE.md,scripts/run_results_integrity_audit.py,ok,file exists and is nonempty,1
reports/NON_HARDWARE_REQUIREMENTS_TRACE.md,results/results_integrity_audit.csv,ok,file exists and is nonempty,1
reports/NON_HARDWARE_REQUIREMENTS_TRACE.md,reports/RESULTS_INTEGRITY_AUDIT.md,ok,file exists and is nonempty,1
reports/NON_HARDWARE_REQUIREMENTS_TRACE.md,bodyshield/claim_boundary_audit.py,ok,file exists and is nonempty,1
reports/NON_HARDWARE_REQUIREMENTS_TRACE.md,scripts/run_claim_boundary_audit.py,ok,file exists and is nonempty,1
reports/NON_HARDWARE_REQUIREMENTS_TRACE.md,results/claim_boundary_audit.csv,ok,file exists and is nonempty,1
reports/NON_HARDWARE_REQUIREMENTS_TRACE.md,reports/CLAIM_BOUNDARY_AUDIT.md,ok,file exists and is nonempty,1
reports/NON_HARDWARE_REQUIREMENTS_TRACE.md,bodyshield/command_surface_audit.py,ok,file exists and is nonempty,1
reports/NON_HARDWARE_REQUIREMENTS_TRACE.md,scripts/run_command_surface_audit.py,ok,file exists and is nonempty,1
reports/NON_HARDWARE_REQUIREMENTS_TRACE.md,results/command_surface_audit.csv,ok,file exists and is nonempty,1
reports/NON_HARDWARE_REQUIREMENTS_TRACE.md,reports/COMMAND_SURFACE_AUDIT.md,ok,file exists and is nonempty,1
reports/NON_HARDWARE_REQUIREMENTS_TRACE.md,bodyshield/visual_artifact_audit.py,ok,file exists and is nonempty,1
reports/NON_HARDWARE_REQUIREMENTS_TRACE.md,scripts/run_visual_artifact_audit.py,ok,file exists and is nonempty,1
reports/NON_HARDWARE_REQUIREMENTS_TRACE.md,results/visual_artifact_audit.csv,ok,file exists and is nonempty,1
reports/NON_HARDWARE_REQUIREMENTS_TRACE.md,reports/VISUAL_ARTIFACT_AUDIT.md,ok,file exists and is nonempty,1
reports/NON_HARDWARE_REQUIREMENTS_TRACE.md,results/figures/*.pdf,ok,glob matched 12 file(s),12
reports/NON_HARDWARE_REQUIREMENTS_TRACE.md,results/figures/*.png,ok,glob matched 12 file(s),12
reports/NON_HARDWARE_REQUIREMENTS_TRACE.md,tests/test_bodyshield.py,ok,file exists and is nonempty,1
reports/NON_HARDWARE_REQUIREMENTS_TRACE.md,reports/CLAIM_BOUNDARY.md,ok,file exists and is nonempty,1
reports/REPRODUCIBILITY_MANIFEST.md,configs/simulation_bodyshield_maxout.yaml,ok,file exists and is nonempty,1
reports/REPRODUCIBILITY_MANIFEST.md,configs/external_policy_benchmark.example.json,ok,file exists and is nonempty,1
reports/REPRODUCIBILITY_MANIFEST.md,configs/real_video_wam_readiness.example.json,ok,file exists and is nonempty,1
reports/REPRODUCIBILITY_MANIFEST.md,configs/corrective_trace_readiness.example.json,ok,file exists and is nonempty,1
reports/REPRODUCIBILITY_MANIFEST.md,tasks.yaml,ok,file exists and is nonempty,1
reports/REPRODUCIBILITY_MANIFEST.md,data_schema.json,ok,file exists and is nonempty,1
reports/REPRODUCIBILITY_MANIFEST.md,results/trials.csv,ok,file exists and is nonempty,1
reports/REPRODUCIBILITY_MANIFEST.md,results/trials.parquet,ok,file exists and is nonempty,1
reports/REPRODUCIBILITY_MANIFEST.md,results/trials_sample.jsonl,ok,file exists and is nonempty,1
reports/REPRODUCIBILITY_MANIFEST.md,results/schema_validation_summary.json,ok,file exists and is nonempty,1
reports/REPRODUCIBILITY_MANIFEST.md,results/breaking_search.csv,ok,file exists and is nonempty,1
reports/REPRODUCIBILITY_MANIFEST.md,results/bodybreak_minimality_audit.csv,ok,file exists and is nonempty,1
reports/REPRODUCIBILITY_MANIFEST.md,results/summary_by_method_bucket.csv,ok,file exists and is nonempty,1
reports/REPRODUCIBILITY_MANIFEST.md,results/robustness_profiles.csv,ok,file exists and is nonempty,1
reports/REPRODUCIBILITY_MANIFEST.md,results/threshold_sensitivity.csv,ok,file exists and is nonempty,1
reports/REPRODUCIBILITY_MANIFEST.md,results/oracle_feasibility.csv,ok,file exists and is nonempty,1
reports/REPRODUCIBILITY_MANIFEST.md,results/method_deltas_vs_bodyshield.csv,ok,file exists and is nonempty,1
reports/REPRODUCIBILITY_MANIFEST.md,results/learned_outcome_model_eval.csv,ok,file exists and is nonempty,1
reports/REPRODUCIBILITY_MANIFEST.md,results/learned_outcome_axis_weights.csv,ok,file exists and is nonempty,1
reports/REPRODUCIBILITY_MANIFEST.md,results/learned_outcome_predictions.csv,ok,file exists and is nonempty,1
reports/REPRODUCIBILITY_MANIFEST.md,results/visual_wam_eval.csv,ok,file exists and is nonempty,1
reports/REPRODUCIBILITY_MANIFEST.md,results/visual_wam_feature_weights.csv,ok,file exists and is nonempty,1
reports/REPRODUCIBILITY_MANIFEST.md,results/visual_wam_rollouts.csv,ok,file exists and is nonempty,1
reports/REPRODUCIBILITY_MANIFEST.md,results/visual_wam_trace_sample.jsonl,ok,file exists and is nonempty,1
reports/REPRODUCIBILITY_MANIFEST.md,results/neural_wam_eval.csv,ok,file exists and is nonempty,1
reports/REPRODUCIBILITY_MANIFEST.md,results/neural_wam_rollouts.csv,ok,file exists and is nonempty,1
reports/REPRODUCIBILITY_MANIFEST.md,results/neural_wam_training_curve.csv,ok,file exists and is nonempty,1
reports/REPRODUCIBILITY_MANIFEST.md,results/neural_wam_trace_sample.jsonl,ok,file exists and is nonempty,1
reports/REPRODUCIBILITY_MANIFEST.md,results/real_video_wam_readiness.csv,ok,file exists and is nonempty,1
reports/REPRODUCIBILITY_MANIFEST.md,results/mujoco_residual_policy_eval.csv,ok,file exists and is nonempty,1
reports/REPRODUCIBILITY_MANIFEST.md,results/mujoco_residual_policy_rollouts.csv,ok,file exists and is nonempty,1
reports/REPRODUCIBILITY_MANIFEST.md,results/mujoco_residual_policy_weights.csv,ok,file exists and is nonempty,1
reports/REPRODUCIBILITY_MANIFEST.md,results/mujoco_residual_policy_gate_ablation.csv,ok,file exists and is nonempty,1
reports/REPRODUCIBILITY_MANIFEST.md,results/mujoco_residual_policy_trace_sample.jsonl,ok,file exists and is nonempty,1
reports/REPRODUCIBILITY_MANIFEST.md,results/trajectory_wam_eval.csv,ok,file exists and is nonempty,1
reports/REPRODUCIBILITY_MANIFEST.md,results/trajectory_wam_axis_weights.csv,ok,file exists and is nonempty,1
reports/REPRODUCIBILITY_MANIFEST.md,results/trajectory_wam_rollouts.csv,ok,file exists and is nonempty,1
reports/REPRODUCIBILITY_MANIFEST.md,results/trajectory_wam_trace_sample.jsonl,ok,file exists and is nonempty,1
reports/REPRODUCIBILITY_MANIFEST.md,results/corrective_adaptation_eval.csv,ok,file exists and is nonempty,1
reports/REPRODUCIBILITY_MANIFEST.md,results/corrective_adaptation_residual_weights.csv,ok,file exists and is nonempty,1
reports/REPRODUCIBILITY_MANIFEST.md,results/corrective_adaptation_rollouts.csv,ok,file exists and is nonempty,1
reports/REPRODUCIBILITY_MANIFEST.md,results/corrective_adaptation_trace_sample.jsonl,ok,file exists and is nonempty,1
reports/REPRODUCIBILITY_MANIFEST.md,results/corrective_trace_readiness.csv,ok,file exists and is nonempty,1
reports/REPRODUCIBILITY_MANIFEST.md,results/artifact_inventory_audit.csv,ok,file exists and is nonempty,1
reports/REPRODUCIBILITY_MANIFEST.md,results/claim_boundary_audit.csv,ok,file exists and is nonempty,1
reports/REPRODUCIBILITY_MANIFEST.md,results/command_surface_audit.csv,ok,file exists and is nonempty,1
reports/REPRODUCIBILITY_MANIFEST.md,results/evidence_consistency_audit.csv,ok,file exists and is nonempty,1
reports/REPRODUCIBILITY_MANIFEST.md,results/environment_dependency_audit.csv,ok,file exists and is nonempty,1
reports/REPRODUCIBILITY_MANIFEST.md,results/environment_snapshot.json,ok,file exists and is nonempty,1
reports/REPRODUCIBILITY_MANIFEST.md,results/config_schema_audit.csv,ok,file exists and is nonempty,1
reports/REPRODUCIBILITY_MANIFEST.md,results/derived_results_audit.csv,ok,file exists and is nonempty,1
reports/REPRODUCIBILITY_MANIFEST.md,results/source_import_audit.csv,ok,file exists and is nonempty,1
reports/REPRODUCIBILITY_MANIFEST.md,results/results_integrity_audit.csv,ok,file exists and is nonempty,1
reports/REPRODUCIBILITY_MANIFEST.md,results/paper_source_audit.csv,ok,file exists and is nonempty,1
reports/REPRODUCIBILITY_MANIFEST.md,results/portable_hygiene_audit.csv,ok,file exists and is nonempty,1
reports/REPRODUCIBILITY_MANIFEST.md,results/visual_artifact_audit.csv,ok,file exists and is nonempty,1
reports/REPRODUCIBILITY_MANIFEST.md,results/release_payload_audit.csv,ok,file exists and is nonempty,1
reports/REPRODUCIBILITY_MANIFEST.md,results/release_determinism_audit.csv,ok,file exists and is nonempty,1
reports/REPRODUCIBILITY_MANIFEST.md,results/release_runtime_audit.csv,ok,file exists and is nonempty,1
reports/REPRODUCIBILITY_MANIFEST.md,results/simulation_rollout_videos.csv,ok,file exists and is nonempty,1
reports/REPRODUCIBILITY_MANIFEST.md,results/secondary_metrics_by_method.csv,ok,file exists and is nonempty,1
reports/REPRODUCIBILITY_MANIFEST.md,results/failure_taxonomy_counts.csv,ok,file exists and is nonempty,1
reports/REPRODUCIBILITY_MANIFEST.md,results/nominal_vs_robustness_radius.csv,ok,file exists and is nonempty,1
reports/REPRODUCIBILITY_MANIFEST.md,results/high_fidelity_benchmark.csv,ok,file exists and is nonempty,1
reports/REPRODUCIBILITY_MANIFEST.md,results/external_policy_benchmark_readiness.csv,ok,file exists and is nonempty,1
reports/REPRODUCIBILITY_MANIFEST.md,trial_schema.schema.json,ok,file exists and is nonempty,1
reports/REPRODUCIBILITY_MANIFEST.md,reports/ARTIFACT_MANIFEST.csv,ok,file exists and is nonempty,1
reports/REPRODUCIBILITY_MANIFEST.md,reports/ARTIFACT_MANIFEST.md,ok,file exists and is nonempty,1
reports/REPRODUCIBILITY_MANIFEST.md,reports/RELEASE_BUNDLE.md,ok,file exists and is nonempty,1
reports/REPRODUCIBILITY_MANIFEST.md,reports/ARTIFACT_INVENTORY_AUDIT.md,ok,file exists and is nonempty,1
reports/REPRODUCIBILITY_MANIFEST.md,reports/CLAIM_BOUNDARY_AUDIT.md,ok,file exists and is nonempty,1
reports/REPRODUCIBILITY_MANIFEST.md,reports/COMMAND_SURFACE_AUDIT.md,ok,file exists and is nonempty,1
reports/REPRODUCIBILITY_MANIFEST.md,reports/EVIDENCE_CONSISTENCY_AUDIT.md,ok,file exists and is nonempty,1
reports/REPRODUCIBILITY_MANIFEST.md,reports/ENVIRONMENT_DEPENDENCY_AUDIT.md,ok,file exists and is nonempty,1
reports/REPRODUCIBILITY_MANIFEST.md,reports/CONFIG_SCHEMA_AUDIT.md,ok,file exists and is nonempty,1
reports/REPRODUCIBILITY_MANIFEST.md,reports/DERIVED_RESULTS_AUDIT.md,ok,file exists and is nonempty,1
reports/REPRODUCIBILITY_MANIFEST.md,reports/SOURCE_IMPORT_AUDIT.md,ok,file exists and is nonempty,1
reports/REPRODUCIBILITY_MANIFEST.md,reports/RESULTS_INTEGRITY_AUDIT.md,ok,file exists and is nonempty,1
reports/REPRODUCIBILITY_MANIFEST.md,reports/PAPER_SOURCE_AUDIT.md,ok,file exists and is nonempty,1
reports/REPRODUCIBILITY_MANIFEST.md,reports/PORTABLE_HYGIENE_AUDIT.md,ok,file exists and is nonempty,1
reports/REPRODUCIBILITY_MANIFEST.md,reports/VISUAL_ARTIFACT_AUDIT.md,ok,file exists and is nonempty,1
reports/REPRODUCIBILITY_MANIFEST.md,reports/RELEASE_PAYLOAD_AUDIT.md,ok,file exists and is nonempty,1
reports/REPRODUCIBILITY_MANIFEST.md,reports/RELEASE_DETERMINISM_AUDIT.md,ok,file exists and is nonempty,1
reports/REPRODUCIBILITY_MANIFEST.md,reports/RELEASE_RUNTIME_AUDIT.md,ok,file exists and is nonempty,1
reports/REPRODUCIBILITY_MANIFEST.md,reports/PACK_VERIFICATION.json,ok,file exists and is nonempty,1
reports/REPRODUCIBILITY_MANIFEST.md,reports/PACK_VERIFICATION.md,ok,file exists and is nonempty,1
reports/REPRODUCIBILITY_MANIFEST.md,reports/NON_HARDWARE_AUDIT.md,ok,file exists and is nonempty,1
reports/REPRODUCIBILITY_MANIFEST.md,reports/CLAIM_LEDGER.md,ok,file exists and is nonempty,1
reports/REPRODUCIBILITY_MANIFEST.md,reports/NON_HARDWARE_REQUIREMENTS_TRACE.md,ok,file exists and is nonempty,1
reports/REPRODUCIBILITY_MANIFEST.md,reports/BUDGET_AND_FAIRNESS_AUDIT.md,ok,file exists and is nonempty,1
reports/REPRODUCIBILITY_MANIFEST.md,reports/BODYBREAK_MINIMALITY_AUDIT.md,ok,file exists and is nonempty,1
reports/REPRODUCIBILITY_MANIFEST.md,reports/BODYBREAK_MINIMALITY_AUDIT_TABLE.md,ok,file exists and is nonempty,1
reports/REPRODUCIBILITY_MANIFEST.md,reports/METHOD_DELTA_TABLE.md,ok,file exists and is nonempty,1
reports/REPRODUCIBILITY_MANIFEST.md,reports/AGENDA_FIT_MEMO.md,ok,file exists and is nonempty,1
reports/REPRODUCIBILITY_MANIFEST.md,reports/LEARNED_OUTCOME_MODEL_TABLE.md,ok,file exists and is nonempty,1
reports/REPRODUCIBILITY_MANIFEST.md,reports/LEARNED_OUTCOME_MODEL_INTERPRETATION.md,ok,file exists and is nonempty,1
reports/REPRODUCIBILITY_MANIFEST.md,reports/VISUAL_WAM_TABLE.md,ok,file exists and is nonempty,1
reports/REPRODUCIBILITY_MANIFEST.md,reports/VISUAL_WAM_FEATURE_WEIGHT_TABLE.md,ok,file exists and is nonempty,1
reports/REPRODUCIBILITY_MANIFEST.md,reports/VISUAL_WAM_INTERPRETATION.md,ok,file exists and is nonempty,1
reports/REPRODUCIBILITY_MANIFEST.md,reports/NEURAL_WAM_TABLE.md,ok,file exists and is nonempty,1
reports/REPRODUCIBILITY_MANIFEST.md,reports/NEURAL_WAM_TRAINING_CURVE.md,ok,file exists and is nonempty,1
reports/REPRODUCIBILITY_MANIFEST.md,reports/NEURAL_WAM_INTERPRETATION.md,ok,file exists and is nonempty,1
reports/REPRODUCIBILITY_MANIFEST.md,reports/REAL_VIDEO_WAM_READINESS.md,ok,file exists and is nonempty,1
reports/REPRODUCIBILITY_MANIFEST.md,reports/REAL_VIDEO_WAM_READINESS_TABLE.md,ok,file exists and is nonempty,1
reports/REPRODUCIBILITY_MANIFEST.md,reports/MUJOCO_RESIDUAL_POLICY_TABLE.md,ok,file exists and is nonempty,1
reports/REPRODUCIBILITY_MANIFEST.md,reports/MUJOCO_RESIDUAL_POLICY_WEIGHT_TABLE.md,ok,file exists and is nonempty,1
reports/REPRODUCIBILITY_MANIFEST.md,reports/MUJOCO_RESIDUAL_POLICY_GATE_ABLATION_TABLE.md,ok,file exists and is nonempty,1
reports/REPRODUCIBILITY_MANIFEST.md,reports/MUJOCO_RESIDUAL_POLICY_INTERPRETATION.md,ok,file exists and is nonempty,1
reports/REPRODUCIBILITY_MANIFEST.md,reports/TRAJECTORY_WAM_TABLE.md,ok,file exists and is nonempty,1
reports/REPRODUCIBILITY_MANIFEST.md,reports/TRAJECTORY_WAM_AXIS_TABLE.md,ok,file exists and is nonempty,1
reports/REPRODUCIBILITY_MANIFEST.md,reports/TRAJECTORY_WAM_INTERPRETATION.md,ok,file exists and is nonempty,1
reports/REPRODUCIBILITY_MANIFEST.md,reports/CORRECTIVE_ADAPTATION_TABLE.md,ok,file exists and is nonempty,1
reports/REPRODUCIBILITY_MANIFEST.md,reports/CORRECTIVE_ADAPTATION_WEIGHT_TABLE.md,ok,file exists and is nonempty,1
reports/REPRODUCIBILITY_MANIFEST.md,reports/CORRECTIVE_ADAPTATION_INTERPRETATION.md,ok,file exists and is nonempty,1
reports/REPRODUCIBILITY_MANIFEST.md,reports/CORRECTIVE_TRACE_READINESS.md,ok,file exists and is nonempty,1
reports/REPRODUCIBILITY_MANIFEST.md,reports/CORRECTIVE_TRACE_READINESS_TABLE.md,ok,file exists and is nonempty,1
reports/REPRODUCIBILITY_MANIFEST.md,reports/SIMULATION_ROLLOUT_VIDEOS.md,ok,file exists and is nonempty,1
reports/REPRODUCIBILITY_MANIFEST.md,reports/EXTERNAL_POLICY_BENCHMARK_READINESS.md,ok,file exists and is nonempty,1
reports/REPRODUCIBILITY_MANIFEST.md,reports/EXTERNAL_POLICY_BENCHMARK_READINESS_TABLE.md,ok,file exists and is nonempty,1
reports/REPRODUCIBILITY_MANIFEST.md,reports/MUJOCO_PLANAR_METHOD_SUMMARY_TABLE.md,ok,file exists and is nonempty,1
reports/REPRODUCIBILITY_MANIFEST.md,reports/MUJOCO_PLANAR_PROBE_TABLE.md,ok,file exists and is nonempty,1
reports/REPRODUCIBILITY_MANIFEST.md,reports/REVIEWER_ATTACK_CLOSURE.md,ok,file exists and is nonempty,1
reports/REPRODUCIBILITY_MANIFEST.md,reports/CITATION_VERIFICATION_TABLE.md,ok,file exists and is nonempty,1
reports/REPRODUCIBILITY_MANIFEST.md,reports/PREBUTTAL.md,ok,file exists and is nonempty,1
reports/REPRODUCIBILITY_MANIFEST.md,reports/PAPER_REVIEWER_RISK_AUDIT.md,ok,file exists and is nonempty,1
reports/REPRODUCIBILITY_MANIFEST.md,reports/FIGURE_CAPTIONS.md,ok,file exists and is nonempty,1
reports/REPRODUCIBILITY_MANIFEST.md,reports/HIGH_FIDELITY_INTERPRETATION.md,ok,file exists and is nonempty,1
reports/REPRODUCIBILITY_MANIFEST.md,paper/bodyshield_non_hardware_draft.pdf,ok,file exists and is nonempty,1
reports/REPRODUCIBILITY_MANIFEST.md,results/videos/bodyshield_synthetic_nominal_reference.gif,ok,file exists and is nonempty,1
reports/REPRODUCIBILITY_MANIFEST.md,results/videos/bodyshield_synthetic_bodybreak_failure.gif,ok,file exists and is nonempty,1
reports/REPRODUCIBILITY_MANIFEST.md,results/videos/bodyshield_synthetic_bodyshield_repair.gif,ok,file exists and is nonempty,1
reports/REPRODUCIBILITY_MANIFEST.md,release/bodyshield_non_hardware_release.zip,ok,file exists and is nonempty,1
reports/REPRODUCIBILITY_MANIFEST.md,release/RELEASE_BUNDLE_MANIFEST.csv,ok,file exists and is nonempty,1
reports/REPRODUCIBILITY_MANIFEST.md,release/RELEASE_BUNDLE_CHECKSUMS.txt,ok,file exists and is nonempty,1
reports/REPRODUCIBILITY_MANIFEST.md,release/RELEASE_README.md,ok,file exists and is nonempty,1
reports/REPRODUCIBILITY_MANIFEST.md,scripts/run_external_policy_benchmark.py,ok,file exists and is nonempty,1
reports/REPRODUCIBILITY_MANIFEST.md,scripts/run_real_video_wam_readiness.py,ok,file exists and is nonempty,1
reports/REPRODUCIBILITY_MANIFEST.md,scripts/run_corrective_trace_readiness.py,ok,file exists and is nonempty,1
reports/REPRODUCIBILITY_MANIFEST.md,scripts/run_artifact_inventory_audit.py,ok,file exists and is nonempty,1
reports/REPRODUCIBILITY_MANIFEST.md,scripts/run_claim_boundary_audit.py,ok,file exists and is nonempty,1
reports/REPRODUCIBILITY_MANIFEST.md,scripts/run_command_surface_audit.py,ok,file exists and is nonempty,1
reports/REPRODUCIBILITY_MANIFEST.md,scripts/run_config_schema_audit.py,ok,file exists and is nonempty,1
reports/REPRODUCIBILITY_MANIFEST.md,scripts/run_derived_results_audit.py,ok,file exists and is nonempty,1
reports/REPRODUCIBILITY_MANIFEST.md,scripts/run_environment_dependency_audit.py,ok,file exists and is nonempty,1
reports/REPRODUCIBILITY_MANIFEST.md,scripts/run_results_integrity_audit.py,ok,file exists and is nonempty,1
reports/REPRODUCIBILITY_MANIFEST.md,scripts/run_source_import_audit.py,ok,file exists and is nonempty,1
reports/REPRODUCIBILITY_MANIFEST.md,scripts/run_paper_source_audit.py,ok,file exists and is nonempty,1
reports/REPRODUCIBILITY_MANIFEST.md,scripts/run_portable_hygiene_audit.py,ok,file exists and is nonempty,1
reports/REPRODUCIBILITY_MANIFEST.md,scripts/run_visual_artifact_audit.py,ok,file exists and is nonempty,1
reports/REPRODUCIBILITY_MANIFEST.md,scripts/run_evidence_consistency_audit.py,ok,file exists and is nonempty,1
reports/REPRODUCIBILITY_MANIFEST.md,scripts/build_release_bundle.py,ok,file exists and is nonempty,1
reports/REPRODUCIBILITY_MANIFEST.md,scripts/run_release_payload_audit.py,ok,file exists and is nonempty,1
reports/REPRODUCIBILITY_MANIFEST.md,scripts/run_release_determinism_audit.py,ok,file exists and is nonempty,1
reports/REPRODUCIBILITY_MANIFEST.md,scripts/run_release_runtime_audit.py,ok,file exists and is nonempty,1
reports/REPRODUCIBILITY_MANIFEST.md,scripts/run_non_hardware.py,ok,file exists and is nonempty,1
reports/REPRODUCIBILITY_MANIFEST.md,scripts/verify_non_hardware_pack.py,ok,file exists and is nonempty,1
reports/REPRODUCIBILITY_MANIFEST.md,scripts/verify_release_payload.py,ok,file exists and is nonempty,1
reports/NON_HARDWARE_COMPLETE.md,results/trials.csv,ok,file exists and is nonempty,1
reports/NON_HARDWARE_COMPLETE.md,results/trials.parquet,ok,file exists and is nonempty,1
reports/NON_HARDWARE_COMPLETE.md,results/trials_sample.jsonl,ok,file exists and is nonempty,1
reports/NON_HARDWARE_COMPLETE.md,results/schema_validation_summary.json,ok,file exists and is nonempty,1
reports/NON_HARDWARE_COMPLETE.md,results/breaking_search.csv,ok,file exists and is nonempty,1
reports/NON_HARDWARE_COMPLETE.md,results/bodybreak_minimality_audit.csv,ok,file exists and is nonempty,1
reports/NON_HARDWARE_COMPLETE.md,results/summary_by_method_bucket.csv,ok,file exists and is nonempty,1
reports/NON_HARDWARE_COMPLETE.md,results/robustness_profiles.csv,ok,file exists and is nonempty,1
reports/NON_HARDWARE_COMPLETE.md,results/threshold_sensitivity.csv,ok,file exists and is nonempty,1
reports/NON_HARDWARE_COMPLETE.md,results/oracle_feasibility.csv,ok,file exists and is nonempty,1
reports/NON_HARDWARE_COMPLETE.md,results/method_deltas_vs_bodyshield.csv,ok,file exists and is nonempty,1
reports/NON_HARDWARE_COMPLETE.md,results/learned_outcome_model_eval.csv,ok,file exists and is nonempty,1
reports/NON_HARDWARE_COMPLETE.md,results/learned_outcome_axis_weights.csv,ok,file exists and is nonempty,1
reports/NON_HARDWARE_COMPLETE.md,results/learned_outcome_predictions.csv,ok,file exists and is nonempty,1
reports/NON_HARDWARE_COMPLETE.md,results/visual_wam_eval.csv,ok,file exists and is nonempty,1
reports/NON_HARDWARE_COMPLETE.md,results/visual_wam_feature_weights.csv,ok,file exists and is nonempty,1
reports/NON_HARDWARE_COMPLETE.md,results/visual_wam_rollouts.csv,ok,file exists and is nonempty,1
reports/NON_HARDWARE_COMPLETE.md,results/visual_wam_trace_sample.jsonl,ok,file exists and is nonempty,1
reports/NON_HARDWARE_COMPLETE.md,results/neural_wam_eval.csv,ok,file exists and is nonempty,1
reports/NON_HARDWARE_COMPLETE.md,results/neural_wam_rollouts.csv,ok,file exists and is nonempty,1
reports/NON_HARDWARE_COMPLETE.md,results/neural_wam_training_curve.csv,ok,file exists and is nonempty,1
reports/NON_HARDWARE_COMPLETE.md,results/neural_wam_trace_sample.jsonl,ok,file exists and is nonempty,1
reports/NON_HARDWARE_COMPLETE.md,results/real_video_wam_readiness.csv,ok,file exists and is nonempty,1
reports/NON_HARDWARE_COMPLETE.md,results/mujoco_residual_policy_eval.csv,ok,file exists and is nonempty,1
reports/NON_HARDWARE_COMPLETE.md,results/mujoco_residual_policy_rollouts.csv,ok,file exists and is nonempty,1
reports/NON_HARDWARE_COMPLETE.md,results/mujoco_residual_policy_weights.csv,ok,file exists and is nonempty,1
reports/NON_HARDWARE_COMPLETE.md,results/mujoco_residual_policy_gate_ablation.csv,ok,file exists and is nonempty,1
reports/NON_HARDWARE_COMPLETE.md,results/mujoco_residual_policy_trace_sample.jsonl,ok,file exists and is nonempty,1
reports/NON_HARDWARE_COMPLETE.md,results/trajectory_wam_eval.csv,ok,file exists and is nonempty,1
reports/NON_HARDWARE_COMPLETE.md,results/trajectory_wam_axis_weights.csv,ok,file exists and is nonempty,1
reports/NON_HARDWARE_COMPLETE.md,results/trajectory_wam_rollouts.csv,ok,file exists and is nonempty,1
reports/NON_HARDWARE_COMPLETE.md,results/trajectory_wam_trace_sample.jsonl,ok,file exists and is nonempty,1
reports/NON_HARDWARE_COMPLETE.md,results/corrective_adaptation_eval.csv,ok,file exists and is nonempty,1
reports/NON_HARDWARE_COMPLETE.md,results/corrective_adaptation_residual_weights.csv,ok,file exists and is nonempty,1
reports/NON_HARDWARE_COMPLETE.md,results/corrective_adaptation_rollouts.csv,ok,file exists and is nonempty,1
reports/NON_HARDWARE_COMPLETE.md,results/corrective_adaptation_trace_sample.jsonl,ok,file exists and is nonempty,1
reports/NON_HARDWARE_COMPLETE.md,results/corrective_trace_readiness.csv,ok,file exists and is nonempty,1
reports/NON_HARDWARE_COMPLETE.md,results/evidence_consistency_audit.csv,ok,file exists and is nonempty,1
reports/NON_HARDWARE_COMPLETE.md,results/artifact_inventory_audit.csv,ok,file exists and is nonempty,1
reports/NON_HARDWARE_COMPLETE.md,results/claim_boundary_audit.csv,ok,file exists and is nonempty,1
reports/NON_HARDWARE_COMPLETE.md,results/command_surface_audit.csv,ok,file exists and is nonempty,1
reports/NON_HARDWARE_COMPLETE.md,results/environment_dependency_audit.csv,ok,file exists and is nonempty,1
reports/NON_HARDWARE_COMPLETE.md,results/environment_snapshot.json,ok,file exists and is nonempty,1
reports/NON_HARDWARE_COMPLETE.md,results/config_schema_audit.csv,ok,file exists and is nonempty,1
reports/NON_HARDWARE_COMPLETE.md,results/derived_results_audit.csv,ok,file exists and is nonempty,1
reports/NON_HARDWARE_COMPLETE.md,results/source_import_audit.csv,ok,file exists and is nonempty,1
reports/NON_HARDWARE_COMPLETE.md,results/results_integrity_audit.csv,ok,file exists and is nonempty,1
reports/NON_HARDWARE_COMPLETE.md,results/paper_source_audit.csv,ok,file exists and is nonempty,1
reports/NON_HARDWARE_COMPLETE.md,results/portable_hygiene_audit.csv,ok,file exists and is nonempty,1
reports/NON_HARDWARE_COMPLETE.md,results/visual_artifact_audit.csv,ok,file exists and is nonempty,1
reports/NON_HARDWARE_COMPLETE.md,results/release_payload_audit.csv,ok,file exists and is nonempty,1
reports/NON_HARDWARE_COMPLETE.md,results/release_determinism_audit.csv,ok,file exists and is nonempty,1
reports/NON_HARDWARE_COMPLETE.md,results/release_runtime_audit.csv,ok,file exists and is nonempty,1
reports/NON_HARDWARE_COMPLETE.md,results/simulation_rollout_videos.csv,ok,file exists and is nonempty,1
reports/NON_HARDWARE_COMPLETE.md,results/videos/bodyshield_synthetic_nominal_reference.gif,ok,file exists and is nonempty,1
reports/NON_HARDWARE_COMPLETE.md,results/videos/bodyshield_synthetic_bodybreak_failure.gif,ok,file exists and is nonempty,1
reports/NON_HARDWARE_COMPLETE.md,results/videos/bodyshield_synthetic_bodyshield_repair.gif,ok,file exists and is nonempty,1
reports/NON_HARDWARE_COMPLETE.md,results/secondary_metrics_by_method.csv,ok,file exists and is nonempty,1
reports/NON_HARDWARE_COMPLETE.md,results/failure_taxonomy_counts.csv,ok,file exists and is nonempty,1
reports/NON_HARDWARE_COMPLETE.md,results/task_suite_cards.csv,ok,file exists and is nonempty,1
reports/NON_HARDWARE_COMPLETE.md,results/sim_env_availability.csv,ok,file exists and is nonempty,1
reports/NON_HARDWARE_COMPLETE.md,results/high_fidelity_benchmark.csv,ok,file exists and is nonempty,1
reports/NON_HARDWARE_COMPLETE.md,results/external_policy_benchmark_readiness.csv,ok,file exists and is nonempty,1
reports/NON_HARDWARE_COMPLETE.md,trial_schema.schema.json,ok,file exists and is nonempty,1
reports/NON_HARDWARE_COMPLETE.md,results/nominal_vs_robustness_radius.csv,ok,file exists and is nonempty,1
reports/NON_HARDWARE_COMPLETE.md,results/figures/bodyshield_mechanism.pdf,ok,file exists and is nonempty,1
reports/NON_HARDWARE_COMPLETE.md,results/figures/breaking_search_comparison.pdf,ok,file exists and is nonempty,1
reports/NON_HARDWARE_COMPLETE.md,results/figures/bodybreak_minimality_audit.pdf,ok,file exists and is nonempty,1
reports/NON_HARDWARE_COMPLETE.md,results/figures/repair_seen_heldout.pdf,ok,file exists and is nonempty,1
reports/NON_HARDWARE_COMPLETE.md,results/figures/nominal_vs_radius.pdf,ok,file exists and is nonempty,1
reports/NON_HARDWARE_COMPLETE.md,results/figures/high_fidelity_summary.pdf,ok,file exists and is nonempty,1
reports/NON_HARDWARE_COMPLETE.md,results/figures/visual_wam_summary.pdf,ok,file exists and is nonempty,1
reports/NON_HARDWARE_COMPLETE.md,results/figures/neural_wam_summary.pdf,ok,file exists and is nonempty,1
reports/NON_HARDWARE_COMPLETE.md,results/figures/mujoco_residual_policy_summary.pdf,ok,file exists and is nonempty,1
reports/NON_HARDWARE_COMPLETE.md,results/figures/mujoco_residual_gate_ablation.pdf,ok,file exists and is nonempty,1
reports/NON_HARDWARE_COMPLETE.md,results/figures/trajectory_wam_summary.pdf,ok,file exists and is nonempty,1
reports/NON_HARDWARE_COMPLETE.md,results/figures/corrective_adaptation_summary.pdf,ok,file exists and is nonempty,1
reports/NON_HARDWARE_COMPLETE.md,reports/FIGURE_CAPTIONS.md,ok,file exists and is nonempty,1
reports/NON_HARDWARE_COMPLETE.md,reports/PACK_VERIFICATION.md,ok,file exists and is nonempty,1
reports/NON_HARDWARE_COMPLETE.md,reports/PACK_VERIFICATION.json,ok,file exists and is nonempty,1
reports/NON_HARDWARE_COMPLETE.md,reports/RELEASE_BUNDLE.md,ok,file exists and is nonempty,1
reports/NON_HARDWARE_COMPLETE.md,reports/RELEASE_DETERMINISM_AUDIT.md,ok,file exists and is nonempty,1
reports/NON_HARDWARE_COMPLETE.md,reports/RELEASE_PAYLOAD_AUDIT.md,ok,file exists and is nonempty,1
reports/NON_HARDWARE_COMPLETE.md,reports/RELEASE_RUNTIME_AUDIT.md,ok,file exists and is nonempty,1
reports/NON_HARDWARE_COMPLETE.md,reports/EVIDENCE_CONSISTENCY_AUDIT.md,ok,file exists and is nonempty,1
reports/NON_HARDWARE_COMPLETE.md,reports/ARTIFACT_INVENTORY_AUDIT.md,ok,file exists and is nonempty,1
reports/NON_HARDWARE_COMPLETE.md,reports/ENVIRONMENT_DEPENDENCY_AUDIT.md,ok,file exists and is nonempty,1
reports/NON_HARDWARE_COMPLETE.md,reports/CONFIG_SCHEMA_AUDIT.md,ok,file exists and is nonempty,1
reports/NON_HARDWARE_COMPLETE.md,reports/DERIVED_RESULTS_AUDIT.md,ok,file exists and is nonempty,1
reports/NON_HARDWARE_COMPLETE.md,reports/SOURCE_IMPORT_AUDIT.md,ok,file exists and is nonempty,1
reports/NON_HARDWARE_COMPLETE.md,reports/PAPER_SOURCE_AUDIT.md,ok,file exists and is nonempty,1
reports/NON_HARDWARE_COMPLETE.md,reports/PORTABLE_HYGIENE_AUDIT.md,ok,file exists and is nonempty,1
reports/NON_HARDWARE_COMPLETE.md,reports/HIGH_FIDELITY_INTERPRETATION.md,ok,file exists and is nonempty,1
reports/NON_HARDWARE_COMPLETE.md,reports/EXTERNAL_POLICY_BENCHMARK_READINESS.md,ok,file exists and is nonempty,1
reports/NON_HARDWARE_COMPLETE.md,reports/EXTERNAL_POLICY_BENCHMARK_READINESS_TABLE.md,ok,file exists and is nonempty,1
reports/NON_HARDWARE_COMPLETE.md,reports/NON_HARDWARE_REQUIREMENTS_TRACE.md,ok,file exists and is nonempty,1
reports/NON_HARDWARE_COMPLETE.md,reports/BUDGET_AND_FAIRNESS_AUDIT.md,ok,file exists and is nonempty,1
reports/NON_HARDWARE_COMPLETE.md,reports/BODYBREAK_MINIMALITY_AUDIT.md,ok,file exists and is nonempty,1
reports/NON_HARDWARE_COMPLETE.md,reports/BODYBREAK_MINIMALITY_AUDIT_TABLE.md,ok,file exists and is nonempty,1
reports/NON_HARDWARE_COMPLETE.md,reports/METHOD_DELTA_TABLE.md,ok,file exists and is nonempty,1
reports/NON_HARDWARE_COMPLETE.md,reports/AGENDA_FIT_MEMO.md,ok,file exists and is nonempty,1
reports/NON_HARDWARE_COMPLETE.md,reports/LEARNED_OUTCOME_MODEL_TABLE.md,ok,file exists and is nonempty,1
reports/NON_HARDWARE_COMPLETE.md,reports/LEARNED_OUTCOME_MODEL_INTERPRETATION.md,ok,file exists and is nonempty,1
reports/NON_HARDWARE_COMPLETE.md,reports/VISUAL_WAM_TABLE.md,ok,file exists and is nonempty,1
reports/NON_HARDWARE_COMPLETE.md,reports/VISUAL_WAM_INTERPRETATION.md,ok,file exists and is nonempty,1
reports/NON_HARDWARE_COMPLETE.md,reports/SIMULATION_ROLLOUT_VIDEOS.md,ok,file exists and is nonempty,1
reports/NON_HARDWARE_COMPLETE.md,reports/NEURAL_WAM_TABLE.md,ok,file exists and is nonempty,1
reports/NON_HARDWARE_COMPLETE.md,reports/NEURAL_WAM_TRAINING_CURVE.md,ok,file exists and is nonempty,1
reports/NON_HARDWARE_COMPLETE.md,reports/NEURAL_WAM_INTERPRETATION.md,ok,file exists and is nonempty,1
reports/NON_HARDWARE_COMPLETE.md,reports/REAL_VIDEO_WAM_READINESS.md,ok,file exists and is nonempty,1
reports/NON_HARDWARE_COMPLETE.md,reports/REAL_VIDEO_WAM_READINESS_TABLE.md,ok,file exists and is nonempty,1
reports/NON_HARDWARE_COMPLETE.md,reports/MUJOCO_RESIDUAL_POLICY_TABLE.md,ok,file exists and is nonempty,1
reports/NON_HARDWARE_COMPLETE.md,reports/MUJOCO_RESIDUAL_POLICY_WEIGHT_TABLE.md,ok,file exists and is nonempty,1
reports/NON_HARDWARE_COMPLETE.md,reports/MUJOCO_RESIDUAL_POLICY_GATE_ABLATION_TABLE.md,ok,file exists and is nonempty,1
reports/NON_HARDWARE_COMPLETE.md,reports/MUJOCO_RESIDUAL_POLICY_INTERPRETATION.md,ok,file exists and is nonempty,1
reports/NON_HARDWARE_COMPLETE.md,reports/TRAJECTORY_WAM_TABLE.md,ok,file exists and is nonempty,1
reports/NON_HARDWARE_COMPLETE.md,reports/TRAJECTORY_WAM_INTERPRETATION.md,ok,file exists and is nonempty,1
reports/NON_HARDWARE_COMPLETE.md,reports/CORRECTIVE_ADAPTATION_TABLE.md,ok,file exists and is nonempty,1
reports/NON_HARDWARE_COMPLETE.md,reports/CORRECTIVE_ADAPTATION_INTERPRETATION.md,ok,file exists and is nonempty,1
reports/NON_HARDWARE_COMPLETE.md,reports/CORRECTIVE_TRACE_READINESS.md,ok,file exists and is nonempty,1
reports/NON_HARDWARE_COMPLETE.md,reports/CORRECTIVE_TRACE_READINESS_TABLE.md,ok,file exists and is nonempty,1
reports/NON_HARDWARE_COMPLETE.md,reports/MUJOCO_PLANAR_METHOD_SUMMARY_TABLE.md,ok,file exists and is nonempty,1
reports/NON_HARDWARE_COMPLETE.md,reports/MUJOCO_PLANAR_PROBE_TABLE.md,ok,file exists and is nonempty,1
reports/NON_HARDWARE_COMPLETE.md,paper/bodyshield_non_hardware_draft.pdf,ok,file exists and is nonempty,1
reports/NON_HARDWARE_COMPLETE.md,release/bodyshield_non_hardware_release.zip,ok,file exists and is nonempty,1
reports/NON_HARDWARE_COMPLETE.md,release/RELEASE_BUNDLE_MANIFEST.csv,ok,file exists and is nonempty,1
reports/NON_HARDWARE_COMPLETE.md,release/RELEASE_BUNDLE_CHECKSUMS.txt,ok,file exists and is nonempty,1
reports/NON_HARDWARE_COMPLETE.md,release/RELEASE_README.md,ok,file exists and is nonempty,1
reports/NON_HARDWARE_COMPLETE.md,reports/CITATION_VERIFICATION_TABLE.md,ok,file exists and is nonempty,1
reports/NON_HARDWARE_COMPLETE.md,reports/SIM_ENV_AVAILABILITY.md,ok,file exists and is nonempty,1
reports/NON_HARDWARE_COMPLETE.md,reports/HIGH_FIDELITY_BENCHMARK_TABLE.md,ok,file exists and is nonempty,1
reports/SIMULATION_SUMMARY.md,results/trials.csv,ok,file exists and is nonempty,1
reports/SIMULATION_SUMMARY.md,results/trials.parquet,ok,file exists and is nonempty,1
reports/SIMULATION_SUMMARY.md,results/trials_sample.jsonl,ok,file exists and is nonempty,1
reports/SIMULATION_SUMMARY.md,trial_schema.schema.json,ok,file exists and is nonempty,1
reports/SIMULATION_SUMMARY.md,results/schema_validation_summary.json,ok,file exists and is nonempty,1
reports/SIMULATION_SUMMARY.md,results/breaking_search.csv,ok,file exists and is nonempty,1
reports/SIMULATION_SUMMARY.md,results/bodybreak_minimality_audit.csv,ok,file exists and is nonempty,1
reports/SIMULATION_SUMMARY.md,reports/BODYBREAK_MINIMALITY_AUDIT.md,ok,file exists and is nonempty,1
reports/SIMULATION_SUMMARY.md,results/repair_history.csv,ok,file exists and is nonempty,1
reports/SIMULATION_SUMMARY.md,results/robustness_profiles.csv,ok,file exists and is nonempty,1
reports/SIMULATION_SUMMARY.md,results/threshold_sensitivity.csv,ok,file exists and is nonempty,1
reports/SIMULATION_SUMMARY.md,results/oracle_feasibility.csv,ok,file exists and is nonempty,1
reports/SIMULATION_SUMMARY.md,results/secondary_metrics_by_method.csv,ok,file exists and is nonempty,1
reports/SIMULATION_SUMMARY.md,results/failure_taxonomy_counts.csv,ok,file exists and is nonempty,1
reports/SIMULATION_SUMMARY.md,results/learned_outcome_model_eval.csv,ok,file exists and is nonempty,1
reports/SIMULATION_SUMMARY.md,reports/LEARNED_OUTCOME_MODEL_TABLE.md,ok,file exists and is nonempty,1
reports/SIMULATION_SUMMARY.md,reports/LEARNED_OUTCOME_MODEL_INTERPRETATION.md,ok,file exists and is nonempty,1
reports/SIMULATION_SUMMARY.md,results/visual_wam_eval.csv,ok,file exists and is nonempty,1
reports/SIMULATION_SUMMARY.md,results/visual_wam_rollouts.csv,ok,file exists and is nonempty,1
reports/SIMULATION_SUMMARY.md,results/visual_wam_trace_sample.jsonl,ok,file exists and is nonempty,1
reports/SIMULATION_SUMMARY.md,reports/VISUAL_WAM_INTERPRETATION.md,ok,file exists and is nonempty,1
reports/SIMULATION_SUMMARY.md,results/neural_wam_eval.csv,ok,file exists and is nonempty,1
reports/SIMULATION_SUMMARY.md,results/neural_wam_rollouts.csv,ok,file exists and is nonempty,1
reports/SIMULATION_SUMMARY.md,results/neural_wam_training_curve.csv,ok,file exists and is nonempty,1
reports/SIMULATION_SUMMARY.md,reports/NEURAL_WAM_INTERPRETATION.md,ok,file exists and is nonempty,1
reports/SIMULATION_SUMMARY.md,results/real_video_wam_readiness.csv,ok,file exists and is nonempty,1
reports/SIMULATION_SUMMARY.md,reports/REAL_VIDEO_WAM_READINESS.md,ok,file exists and is nonempty,1
reports/SIMULATION_SUMMARY.md,results/mujoco_residual_policy_eval.csv,ok,file exists and is nonempty,1
reports/SIMULATION_SUMMARY.md,results/mujoco_residual_policy_rollouts.csv,ok,file exists and is nonempty,1
reports/SIMULATION_SUMMARY.md,results/mujoco_residual_policy_gate_ablation.csv,ok,file exists and is nonempty,1
reports/SIMULATION_SUMMARY.md,results/mujoco_residual_policy_trace_sample.jsonl,ok,file exists and is nonempty,1
reports/SIMULATION_SUMMARY.md,reports/MUJOCO_RESIDUAL_POLICY_INTERPRETATION.md,ok,file exists and is nonempty,1
reports/SIMULATION_SUMMARY.md,reports/MUJOCO_RESIDUAL_POLICY_GATE_ABLATION_TABLE.md,ok,file exists and is nonempty,1
reports/SIMULATION_SUMMARY.md,results/trajectory_wam_eval.csv,ok,file exists and is nonempty,1
reports/SIMULATION_SUMMARY.md,results/trajectory_wam_rollouts.csv,ok,file exists and is nonempty,1
reports/SIMULATION_SUMMARY.md,results/trajectory_wam_trace_sample.jsonl,ok,file exists and is nonempty,1
reports/SIMULATION_SUMMARY.md,reports/TRAJECTORY_WAM_INTERPRETATION.md,ok,file exists and is nonempty,1
reports/SIMULATION_SUMMARY.md,results/corrective_adaptation_eval.csv,ok,file exists and is nonempty,1
reports/SIMULATION_SUMMARY.md,results/corrective_adaptation_rollouts.csv,ok,file exists and is nonempty,1
reports/SIMULATION_SUMMARY.md,results/corrective_adaptation_trace_sample.jsonl,ok,file exists and is nonempty,1
reports/SIMULATION_SUMMARY.md,reports/CORRECTIVE_ADAPTATION_INTERPRETATION.md,ok,file exists and is nonempty,1
reports/SIMULATION_SUMMARY.md,results/corrective_trace_readiness.csv,ok,file exists and is nonempty,1
reports/SIMULATION_SUMMARY.md,reports/CORRECTIVE_TRACE_READINESS.md,ok,file exists and is nonempty,1
reports/SIMULATION_SUMMARY.md,results/high_fidelity_benchmark.csv,ok,file exists and is nonempty,1
reports/SIMULATION_SUMMARY.md,reports/MUJOCO_METHOD_SUMMARY_TABLE.md,ok,file exists and is nonempty,1
reports/SIMULATION_SUMMARY.md,reports/MUJOCO_PLANAR_METHOD_SUMMARY_TABLE.md,ok,file exists and is nonempty,1
reports/SIMULATION_SUMMARY.md,reports/MUJOCO_PLANAR_PROBE_TABLE.md,ok,file exists and is nonempty,1
reports/SIMULATION_SUMMARY.md,reports/MUJOCO_PERTURBATION_SUMMARY_TABLE.md,ok,file exists and is nonempty,1
reports/SIMULATION_SUMMARY.md,reports/MANISKILL_TASK_SUMMARY_TABLE.md,ok,file exists and is nonempty,1
reports/SIMULATION_SUMMARY.md,results/external_policy_benchmark_readiness.csv,ok,file exists and is nonempty,1
reports/SIMULATION_SUMMARY.md,reports/EXTERNAL_POLICY_BENCHMARK_READINESS.md,ok,file exists and is nonempty,1
reports/SIMULATION_SUMMARY.md,results/videos/bodyshield_synthetic_*.gif,ok,glob matched 3 file(s),3
reports/SIMULATION_SUMMARY.md,results/simulation_rollout_videos.csv,ok,file exists and is nonempty,1
reports/SIMULATION_SUMMARY.md,reports/SIMULATION_ROLLOUT_VIDEOS.md,ok,file exists and is nonempty,1
reports/SIMULATION_SUMMARY.md,results/figures/*.pdf,ok,glob matched 12 file(s),12
reports/SIMULATION_SUMMARY.md,results/figures/*.png,ok,glob matched 12 file(s),12
reports/RELEASE_BUNDLE.md,release/bodyshield_non_hardware_release.zip,ok,file exists and is nonempty,1
reports/RELEASE_BUNDLE.md,release/RELEASE_BUNDLE_MANIFEST.csv,ok,file exists and is nonempty,1
reports/RELEASE_BUNDLE.md,release/RELEASE_BUNDLE_CHECKSUMS.txt,ok,file exists and is nonempty,1
